{"tt15239678": ["Dune: Part Two", 686892913, null, ["Action", "Adventure", "Drama", "Sci-Fi"], 166], "tt3359350": ["Road House", null, null, ["Action", "Thriller"], 121], "tt14230458": ["Poor Things", 117022347, null, ["Comedy", "Drama", "Romance", "Sci-Fi"], 141], "tt1160419": ["Dune", 407573628, null, ["Action", "Adventure", "Drama", "Sci-Fi"], 155], "tt15398776": ["Oppenheimer", 970159540, null, ["Biography", "Drama", "History"], 180], "tt8367814": ["The Gentlemen", 115175729, 22000000, ["Action", "Crime"], 113], "tt0134119": ["The Talented Mr. Ripley", 128801965, 40000000, ["Crime", "Drama", "Thriller"], 139], "tt10016180": ["The Little Things", 30842746, null, ["Crime", "Drama", "Mystery", "Thriller"], 128], "tt13560574": ["X", 14740889, null, ["Horror", "Mystery", "Thriller"], 105], "tt0087182": ["Dune", 30983782, 40000000, ["Action", "Adventure", "Sci-Fi"], 137], "tt17009710": ["Anatomy of a Fall", 35521028, null, ["Crime", "Drama", "Thriller"], 151], "tt6823368": ["Glass", 246999039, 20000000, ["Drama", "Horror", "Sci-Fi", "Thriller"], 129], "tt6166392": ["Wonka", 632302312, null, ["Adventure", "Comedy", "Family", "Fantasy", "Musical"], 116], "tt4972582": ["Split", 278454417, 9000000, ["Horror", "Thriller"], 117], "tt7286456": ["Joker", 1078958629, 55000000, ["Crime", "Drama", "Thriller"], 122], "tt0068646": ["The Godfather", 250342030, 6000000, ["Crime", "Drama"], 175], "tt0816692": ["Interstellar", 733202212, 165000000, ["Adventure", "Drama", "Sci-Fi"], 169], "tt1517268": ["Barbie", 1445638421, null, ["Adventure", "Comedy", "Fantasy"], 114], "tt17351924": ["Saltburn", 21026167, null, ["Drama", "Thriller"], 131], "tt14998742": ["Rebel Moon - Part One: A Child of Fire", null, null, ["Action", "Adventure", "Drama", "Fantasy", "Sci-Fi"], 133], "tt4513678": ["Ghostbusters: Afterlife", 204334455, null, ["Adventure", "Comedy", "Fantasy", "Sci-Fi"], 124], "tt3890160": ["Baby Driver", 226945087, 34000000, ["Action", "Crime", "Drama", "Music"], 113], "tt0111161": ["The Shawshank Redemption", 28906619, 25000000, ["Drama"], 142], "tt0087332": ["Ghostbusters", 296578797, 30000000, ["Action", "Comedy", "Fantasy", "Sci-Fi"], 105], "tt5034838": ["Godzilla vs. Kong", 470116094, null, ["Action", "Sci-Fi", "Thriller"], 113], "tt0075005": ["The Omen", 4273886, null, ["Horror", "Mystery"], 111], "tt5537002": ["Killers of the Flower Moon", 157026901, null, ["Crime", "Drama", "History", "Mystery", "Romance", "Western"], 206], "tt10545296": ["The Hunger Games: The Ballad of Songbirds &amp; Snakes", 337371917, null, ["Action", "Adventure", "Drama", "Sci-Fi", "Thriller", "War"], 157], "tt14849194": ["The Holdovers", 44333964, null, ["Comedy", "Drama"], 133], "tt0116483": ["Happy Gilmore", 41205099, 12000000, ["Comedy", "Sport"], 92], "tt1745960": ["Top Gun: Maverick", 1495696292, null, ["Action", "Drama"], 130], "tt0120338": ["Titanic", 2264750694, 200000000, ["Drama", "Romance"], 194], "tt7131622": ["Once Upon a Time... in Hollywood", 377617681, 90000000, ["Comedy", "Drama"], 161], "tt0468569": ["The Dark Knight", 1008486720, 185000000, ["Action", "Crime", "Drama", "Thriller"], 152], "tt0133093": ["The Matrix", 467623299, 63000000, ["Action", "Sci-Fi"], 136], "tt13287846": ["Napoleon", 221036479, null, ["Action", "Adventure", "Biography", "Drama", "War"], 158], "tt12747748": ["Leave the World Behind", null, null, ["Drama", "Mystery", "Thriller"], 138], "tt0320661": ["Kingdom of Heaven", 218237071, 130000000, ["Action", "Adventure", "Drama", "History", "War"], 144], "tt1790864": ["The Maze Runner", 348319861, 34000000, ["Action", "Mystery", "Sci-Fi", "Thriller"], 113], "tt0108052": ["Schindler's List", 322161245, 22000000, ["Biography", "Drama", "History"], 195], "tt0086879": ["Amadeus", 52068956, null, ["Biography", "Drama", "Music"], 160], "tt0110912": ["Pulp Fiction", 213928762, 8000000, ["Crime", "Drama"], 154], "tt9603212": ["Mission: Impossible - Dead Reckoning Part One", 567535383, 291000000, ["Action", "Adventure", "Thriller"], 163], "tt1392190": ["Mad Max: Fury Road", 380418444, 150000000, ["Action", "Adventure", "Sci-Fi", "Thriller"], 120], "tt1877830": ["The Batman", 772245583, null, ["Action", "Crime", "Drama", "Mystery", "Thriller"], 176], "tt1375666": ["Inception", 839030630, 160000000, ["Action", "Adventure", "Sci-Fi", "Thriller"], 148], "tt0172495": ["Gladiator", 465387186, 103000000, ["Action", "Adventure", "Drama"], 155], "tt12593682": ["Bullet Train", 239268602, null, ["Action", "Comedy", "Thriller"], 127], "tt3748172": ["Gerald's Game", null, null, ["Drama", "Horror", "Thriller"], 103], "tt0241527": ["Harry Potter and the Sorcerer's Stone", 1024465951, 125000000, ["Adventure", "Family", "Fantasy"], 152], "tt0266697": ["Kill Bill: Vol. 1", 180908413, 30000000, ["Action", "Crime", "Thriller"], 111], "tt10638522": ["Talk to Me", 92181735, null, ["Horror", "Thriller"], 95], "tt0470752": ["Ex Machina", 37394629, 15000000, ["Drama", "Sci-Fi", "Thriller"], 108], "tt0137523": ["Fight Club", 101320107, 63000000, ["Drama"], 139], "tt1856101": ["Blade Runner 2049", 267691236, 150000000, ["Action", "Drama", "Mystery", "Sci-Fi", "Thriller"], 164], "tt0120737": ["The Lord of the Rings: The Fellowship of the Ring", 884041698, 93000000, ["Action", "Adventure", "Drama", "Fantasy"], 178], "tt0993846": ["The Wolf of Wall Street", 407039432, 100000000, ["Biography", "Comedy", "Crime", "Drama"], 180], "tt0421239": ["Red Eye", 96258201, 26000000, ["Thriller"], 85], "tt1392170": ["The Hunger Games", 695220619, 78000000, ["Action", "Adventure", "Sci-Fi", "Thriller"], 142], "tt13238346": ["Past Lives", 38731919, null, ["Drama", "Romance"], 105], "tt6751668": ["Parasite", 262099264, 11400000, ["Drama", "Thriller"], 132], "tt0467406": ["Juno", 232372830, 7500000, ["Comedy", "Drama"], 96], "tt0094721": ["Beetlejuice", 74842346, null, ["Comedy", "Fantasy"], 92], "tt0217869": ["Unbreakable", 248118121, 75000000, ["Drama", "Mystery", "Sci-Fi", "Thriller"], 106], "tt15671028": ["No Hard Feelings", 87256407, null, ["Comedy", "Romance"], 103], "tt8772262": ["Midsommar", 48059189, 9000000, ["Drama", "Horror", "Mystery", "Thriller"], 148], "tt1563738": ["One Day", 59389433, 15000000, ["Drama", "Romance"], 107], "tt0120689": ["The Green Mile", 286801374, 60000000, ["Crime", "Drama", "Fantasy", "Mystery"], 189], "tt1571234": ["Mortal Engines", 83869818, 100000000, ["Action", "Adventure", "Fantasy", "Sci-Fi", "Thriller"], 128], "tt1441395": ["Under the Skin", 7491313, 13300000, ["Drama", "Horror", "Mystery", "Sci-Fi", "Thriller"], 108], "tt9362722": ["Spider-Man: Across the Spider-Verse", 690897910, null, ["Action", "Adventure", "Animation", "Fantasy", "Sci-Fi"], 140], "tt0067992": ["Willy Wonka &amp; the Chocolate Factory", 643423, null, ["Family", "Fantasy", "Musical"], 100], "tt1950186": ["Ford v Ferrari", 225508210, 97600000, ["Action", "Biography", "Drama", "Sport"], 152], "tt0078788": ["Apocalypse Now", 104911671, null, ["Drama", "Mystery", "War"], 147], "tt2140479": ["The Accountant", 155560045, 44000000, ["Action", "Crime", "Drama", "Mystery", "Thriller"], 128], "tt10872600": ["Spider-Man: No Way Home", 1921847111, null, ["Action", "Adventure", "Fantasy", "Sci-Fi"], 148], "tt0289043": ["28 Days Later", 84661434, 8000000, ["Drama", "Horror", "Sci-Fi", "Thriller"], 113], "tt6710474": ["Everything Everywhere All at Once", 143411356, null, ["Action", "Adventure", "Comedy", "Fantasy", "Sci-Fi"], 139], "tt2543164": ["Arrival", 203389228, 47000000, ["Drama", "Mystery", "Sci-Fi"], 116], "tt0441773": ["Kung Fu Panda", 632091832, 130000000, ["Action", "Adventure", "Animation", "Comedy", "Family", "Fantasy"], 92], "tt11858890": ["The Creator", 104272136, null, ["Action", "Adventure", "Drama", "Sci-Fi", "Thriller"], 133], "tt17024450": ["The Equalizer 3", 191067560, null, ["Action", "Crime", "Thriller"], 109], "tt3741700": ["Godzilla: King of the Monsters", 387300138, 170000000, ["Action", "Adventure", "Fantasy", "Sci-Fi"], 132], "tt0102926": ["The Silence of the Lambs", 272742922, 19000000, ["Crime", "Drama", "Thriller"], 118], "tt23849204": ["12th Fail", 26162, null, ["Biography", "Drama"], 147], "tt0831387": ["Godzilla", 524978362, 160000000, ["Action", "Adventure", "Sci-Fi", "Thriller"], 123], "tt0086960": ["Beverly Hills Cop", 316360478, null, ["Action", "Comedy", "Crime", "Thriller"], 105], "tt10366206": ["John Wick: Chapter 4", 440157245, null, ["Action", "Crime", "Thriller"], 169], "tt0361748": ["Inglourious Basterds", 321458605, 70000000, ["Adventure", "Drama", "War"], 153], "tt0109830": ["Forrest Gump", 678226465, 55000000, ["Drama", "Romance"], 142], "tt0078748": ["Alien", 106285522, 11000000, ["Horror", "Sci-Fi"], 117], "tt10731256": ["Don't Worry Darling", 87609403, null, ["Drama", "Mystery", "Thriller"], 123], "tt0133152": ["Planet of the Apes", 362211740, 100000000, ["Action", "Adventure", "Sci-Fi", "Thriller"], 120], "tt0106677": ["Dazed and Confused", 8154446, null, ["Comedy"], 103], "tt2582802": ["Whiplash", 49449489, 3300000, ["Drama", "Music"], 106], "tt3450958": ["War for the Planet of the Apes", 490719763, 150000000, ["Action", "Adventure", "Drama", "Sci-Fi", "Thriller"], 140], "tt16277242": ["Society of the Snow", 1281, null, ["Adventure", "Biography", "Drama", "History", "Thriller"], 144], "tt0367594": ["Charlie and the Chocolate Factory", 474968763, 150000000, ["Adventure", "Comedy", "Family", "Fantasy", "Musical"], 115], "tt2322441": ["Fifty Shades of Grey", 569651467, 40000000, ["Drama", "Romance", "Thriller"], 125], "tt0071562": ["The Godfather Part II", 47962897, 13000000, ["Crime", "Drama"], 202], "tt0482571": ["The Prestige", 109676311, 40000000, ["Drama", "Mystery", "Sci-Fi", "Thriller"], 130], "tt1392214": ["Prisoners", 122127446, 46000000, ["Crime", "Drama", "Mystery", "Thriller"], 153], "tt0107290": ["Jurassic Park", 1114456337, 63000000, ["Action", "Adventure", "Sci-Fi", "Thriller"], 127], "tt4154796": ["Avengers: Endgame", 2799439100, 356000000, ["Action", "Adventure", "Drama", "Sci-Fi"], 181], "tt0119116": ["The Fifth Element", 263920180, null, ["Action", "Adventure", "Sci-Fi"], 126], "tt0092099": ["Top Gun", 357288178, null, ["Action", "Drama"], 109], "tt3659388": ["The Martian", 630620818, 108000000, ["Adventure", "Drama", "Sci-Fi"], 144], "tt0414387": ["Pride &amp; Prejudice", 121616555, null, ["Drama", "Romance"], 129], "tt0117509": ["Romeo + Juliet", 147554998, null, ["Drama", "Romance"], 120], "tt0472043": ["Apocalypto", 120654337, 40000000, ["Action", "Adventure", "Drama", "Thriller"], 139], "tt3397884": ["Sicario", 84997446, 30000000, ["Action", "Crime", "Drama", "Mystery", "Thriller"], 121], "tt15474916": ["Smile", 217408513, null, ["Horror", "Mystery", "Thriller"], 115], "tt0377092": ["Mean Girls", 130160481, 17000000, ["Comedy"], 97], "tt0325980": ["Pirates of the Caribbean: The Curse of the Black Pearl", 654264546, 140000000, ["Action", "Adventure", "Fantasy"], 143], "tt1731141": ["Ender's Game", 125544024, 110000000, ["Action", "Adventure", "Sci-Fi"], 114], "tt0407887": ["The Departed", 291481358, 90000000, ["Crime", "Drama", "Thriller"], 151], "tt4873118": ["Guy Ritchie's the Covenant", 21632392, null, ["Action", "Drama", "Thriller", "War"], 123], "tt0947798": ["Black Swan", 329398046, 13000000, ["Drama", "Thriller"], 108], "tt0114369": ["Se7en", 327333559, 33000000, ["Crime", "Drama", "Mystery", "Thriller"], 127], "tt0477348": ["No Country for Old Men", 171632777, null, ["Crime", "Drama", "Thriller"], 122], "tt9764362": ["The Menu", 79628200, null, ["Comedy", "Horror", "Thriller"], 107], "tt0147800": ["10 Things I Hate About You", 53685286, 30000000, ["Comedy", "Drama", "Romance"], 97], "tt1853728": ["Django Unchained", 426076293, 100000000, ["Drama", "Western"], 165], "tt1935859": ["Miss Peregrine's Home for Peculiar Children", 296482446, 110000000, ["Adventure", "Drama", "Family", "Fantasy", "Thriller"], 127], "tt0113277": ["Heat", 187436818, null, ["Action", "Crime", "Drama"], 170], "tt0109506": ["The Crow", 50702967, null, ["Action", "Crime", "Drama", "Fantasy", "Horror", "Thriller"], 102], "tt3464902": ["The Lobster", 17581104, null, ["Drama", "Romance", "Sci-Fi", "Thriller"], 119], "tt0338013": ["Eternal Sunshine of the Spotless Mind", 73390334, 20000000, ["Drama", "Romance", "Sci-Fi"], 108], "tt0119217": ["Good Will Hunting", 225933435, null, ["Drama", "Romance"], 126], "tt0108358": ["Tombstone", 6454752, null, ["Biography", "Drama", "History", "Western"], 130], "tt6718170": ["The Super Mario Bros. Movie", 1362052250, null, ["Adventure", "Animation", "Comedy", "Family", "Fantasy"], 92], "tt0090605": ["Aliens", 131060248, null, ["Action", "Adventure", "Sci-Fi", "Thriller"], 137], "tt13320622": ["The Lost City", 192907684, null, ["Action", "Adventure", "Comedy", "Romance"], 112], "tt0378194": ["Kill Bill: Vol. 2", 154118514, 30000000, ["Action", "Crime", "Thriller"], 137], "tt0110413": ["L\u00e9on: The Professional", 19570198, null, ["Action", "Crime", "Drama", "Thriller"], 110], "tt5052448": ["Get Out", 255751443, 4500000, ["Horror", "Mystery", "Thriller"], 104], "tt1285016": ["The Social Network", 224927749, 40000000, ["Biography", "Drama"], 120], "tt0335345": ["The Passion of the Christ", 612060372, 30000000, ["Drama"], 127], "tt10640346": ["Babylon", 63562440, null, ["Comedy", "Drama", "History"], 189], "tt1318514": ["Rise of the Planet of the Apes", 481800873, 93000000, ["Action", "Drama", "Sci-Fi", "Thriller"], 105], "tt14230388": ["Asteroid City", 53857743, null, ["Comedy", "Drama", "Romance", "Sci-Fi"], 105], "tt0208092": ["Snatch", 83557872, null, ["Comedy", "Crime"], 104], "tt1790809": ["Pirates of the Caribbean: Dead Men Tell No Tales", 795922298, 230000000, ["Action", "Adventure", "Fantasy"], 129], "tt0089218": ["The Goonies", 64527601, null, ["Adventure", "Comedy", "Family"], 114], "tt0169547": ["American Beauty", 356296601, 15000000, ["Drama"], 122], "tt6334354": ["The Suicide Squad", 168717425, 185000000, ["Action", "Adventure", "Comedy", "Sci-Fi"], 132], "tt1979320": ["Rush", 96992516, 38000000, ["Action", "Biography", "Drama", "Sport"], 123], "tt0099685": ["Goodfellas", 47049784, null, ["Biography", "Crime", "Drama"], 145], "tt2382320": ["No Time to Die", 774153007, null, ["Action", "Adventure", "Thriller"], 163], "tt0120616": ["The Mummy", 416064056, 80000000, ["Action", "Adventure", "Fantasy"], 124], "tt0455944": ["The Equalizer", 192330738, 55000000, ["Action", "Crime", "Thriller"], 132], "tt6791350": ["Guardians of the Galaxy Vol. 3", 845555777, null, ["Action", "Adventure", "Comedy", "Sci-Fi"], 150], "tt0439572": ["The Flash", 271333313, null, ["Action", "Adventure", "Fantasy", "Sci-Fi"], 144], "tt2103281": ["Dawn of the Planet of the Apes", 710644566, 170000000, ["Action", "Adventure", "Drama", "Sci-Fi", "Thriller"], 130], "tt3731562": ["Kong: Skull Island", 568652812, 185000000, ["Action", "Adventure", "Fantasy", "Sci-Fi"], 118], "tt2267998": ["Gone Girl", 369330536, 61000000, ["Drama", "Mystery", "Thriller"], 149], "tt0144084": ["American Psycho", 34266679, 7000000, ["Crime", "Drama", "Horror"], 102], "tt1840309": ["Divergent", 288885818, 85000000, ["Action", "Adventure", "Mystery", "Sci-Fi"], 139], "tt3783958": ["La La Land", 471991358, 30000000, ["Comedy", "Drama", "Music", "Musical", "Romance"], 128], "tt1099212": ["Twilight", 408491728, 37000000, ["Drama", "Fantasy", "Romance"], 122], "tt1431045": ["Deadpool", 782837347, 58000000, ["Action", "Comedy"], 108], "tt0167260": ["The Lord of the Rings: The Return of the King", 1156600472, 94000000, ["Action", "Adventure", "Drama", "Fantasy"], 201], "tt4209788": ["Molly's Game", 59284015, null, ["Biography", "Crime", "Drama"], 140], "tt0993840": ["Army of the Dead", null, null, ["Action", "Crime", "Drama", "Horror", "Sci-Fi", "Thriller", "War"], 148], "tt11083552": ["Wrath of Man", 103966489, null, ["Action", "Crime", "Thriller"], 119], "tt0032138": ["The Wizard of Oz", 25637669, 2777000, ["Adventure", "Family", "Fantasy", "Musical"], 102], "tt0180093": ["Requiem for a Dream", 7390108, null, ["Drama"], 102], "tt1345836": ["The Dark Knight Rises", 1085289416, 250000000, ["Action", "Drama", "Thriller"], 164], "tt1630029": ["Avatar: The Way of Water", 2320250281, null, ["Action", "Adventure", "Fantasy", "Sci-Fi"], 192], "tt0404203": ["Little Children", 14821658, 26000000, ["Drama", "Romance"], 137], "tt0088763": ["Back to the Future", 384577472, 19000000, ["Adventure", "Comedy", "Sci-Fi"], 116], "tt0454848": ["Inside Man", 186003591, 45000000, ["Crime", "Drama", "Mystery", "Thriller"], 129], "tt0163651": ["American Pie", 235483004, 11000000, ["Comedy"], 95], "tt6966692": ["Green Book", 321752656, 23000000, ["Biography", "Comedy", "Drama", "Music"], 130], "tt1596363": ["The Big Short", 133440870, 28000000, ["Biography", "Comedy", "Drama", "History"], 130], "tt3281548": ["Little Women", 218843645, 40000000, ["Drama", "Romance"], 135], "tt0332280": ["The Notebook", 118262017, 29000000, ["Drama", "Romance"], 123], "tt0093779": ["The Princess Bride", 30958085, null, ["Adventure", "Comedy", "Family", "Fantasy", "Romance"], 98], "tt0116209": ["The English Patient", 231976425, 27000000, ["Drama", "Romance", "War"], 162], "tt10838180": ["The Matrix Resurrections", 157386805, null, ["Action", "Sci-Fi"], 148], "tt4500922": ["Maze Runner: The Death Cure", 288175335, 62000000, ["Action", "Adventure", "Sci-Fi", "Thriller"], 143], "tt10954984": ["Nope", 171235592, null, ["Horror", "Mystery", "Sci-Fi", "Thriller"], 130], "tt1119646": ["The Hangover", 469328922, 35000000, ["Comedy"], 100], "tt1570728": ["Crazy, Stupid, Love.", 145086643, 50000000, ["Comedy", "Drama", "Romance"], 118], "tt7888964": ["Nobody", 57510518, 16000000, ["Action", "Crime", "Drama", "Thriller"], 92], "tt5726616": ["Call Me by Your Name", 43368603, null, ["Drama", "Romance"], 132], "tt0050083": ["12 Angry Men", 576, null, ["Crime", "Drama"], 96], "tt1130884": ["Shutter Island", 294850027, 80000000, ["Drama", "Mystery", "Thriller"], 138], "tt0088247": ["The Terminator", 78371200, 6400000, ["Action", "Adventure", "Sci-Fi"], 107], "tt2267968": ["Kung Fu Panda 3", 521170825, 145000000, ["Action", "Adventure", "Animation", "Comedy", "Family", "Fantasy"], 95], "tt2798920": ["Annihilation", 43070915, 40000000, ["Adventure", "Drama", "Horror", "Mystery", "Sci-Fi", "Thriller"], 115], "tt10676048": ["The Marvels", 206124109, null, ["Action", "Adventure", "Fantasy"], 105], "tt0083658": ["Blade Runner", 41754158, null, ["Action", "Drama", "Sci-Fi", "Thriller"], 117], "tt0364569": ["Oldboy", 17542965, null, ["Action", "Drama", "Mystery", "Thriller"], 120], "tt0103064": ["Terminator 2: Judgment Day", 520881154, 102000000, ["Action", "Adventure", "Sci-Fi"], 137], "tt0120201": ["Starship Troopers", 121214377, 105000000, ["Action", "Adventure", "Sci-Fi", "Thriller"], 129], "tt2906216": ["Dungeons &amp; Dragons: Honor Among Thieves", 208177026, null, ["Action", "Adventure", "Comedy", "Fantasy"], 134], "tt3704428": ["Elvis", 288670284, null, ["Biography", "Drama", "Music"], 159], "tt0117998": ["Twister", 494580615, 92000000, ["Action", "Adventure", "Thriller"], 113], "tt0309987": ["The Dreamers", 24152155, 15000000, ["Drama", "Romance"], 115], "tt2911666": ["John Wick", 86081850, 20000000, ["Action", "Crime", "Thriller"], 101], "tt1462764": ["Indiana Jones and the Dial of Destiny", 383963057, null, ["Action", "Adventure", "Sci-Fi"], 154], "tt5433140": ["Fast X", 704875015, null, ["Action", "Adventure", "Crime", "Mystery", "Thriller"], 141], "tt0446029": ["Scott Pilgrim vs. the World", 51691156, 60000000, ["Action", "Comedy", "Fantasy", "Romance"], 112], "tt0114814": ["The Usual Suspects", 645363, 6000000, ["Crime", "Drama", "Mystery", "Thriller"], 106], "tt0209144": ["Memento", 40047236, 9000000, ["Mystery", "Thriller"], 113], "tt7784604": ["Hereditary", 82729816, null, ["Drama", "Horror", "Mystery", "Thriller"], 127], "tt15791034": ["Barbarian", 45352337, null, ["Horror", "Mystery", "Thriller"], 102], "tt0246578": ["Donnie Darko", 7088397, 6000000, ["Drama", "Mystery", "Sci-Fi", "Thriller"], 113], "tt3799694": ["The Nice Guys", 71261763, 50000000, ["Action", "Comedy", "Crime", "Thriller"], 116], "tt0076759": ["Star Wars: Episode IV - A New Hope", 775398507, 11000000, ["Action", "Adventure", "Fantasy", "Sci-Fi"], 121], "tt0145487": ["Spider-Man", 825706400, 139000000, ["Action", "Adventure", "Sci-Fi"], 121], "tt0031381": ["Gone with the Wind", 402382193, null, ["Drama", "Romance", "War"], 238], "tt9411972": ["Where the Crawdads Sing", 144353965, null, ["Drama", "Mystery", "Romance", "Thriller"], 125], "tt1396484": ["It", 704242888, 35000000, ["Fantasy", "Horror"], 135], "tt0092005": ["Stand by Me", 242795, null, ["Adventure", "Comedy", "Drama"], 89], "tt1650554": ["Kick-Ass 2", 60795985, 28000000, ["Action", "Comedy", "Crime", "Thriller"], 103], "tt11138512": ["The Northman", 69633110, null, ["Action", "Adventure", "Drama", "Fantasy", "History", "Thriller"], 137], "tt7599146": ["Sound of Freedom", 250570396, null, ["Biography", "Crime", "Drama", "History", "Thriller"], 131], "tt0387808": ["Idiocracy", 495652, null, ["Adventure", "Comedy", "Sci-Fi", "Thriller"], 84], "tt0360717": ["King Kong", 556906378, 207000000, ["Action", "Adventure", "Romance"], 187], "tt4016934": ["The Handmaiden", 37863670, null, ["Drama", "Romance", "Thriller"], 145], "tt22687790": ["A Haunting in Venice", 122290456, null, ["Crime", "Drama", "Horror", "Mystery", "Thriller"], 103], "tt0081505": ["The Shining", 47380008, 19000000, ["Drama", "Horror"], 146], "tt0120663": ["Eyes Wide Shut", 162260377, 65000000, ["Drama", "Mystery", "Thriller"], 159], "tt0372784": ["Batman Begins", 375325692, 150000000, ["Action", "Crime", "Drama"], 140], "tt4046784": ["Maze Runner: The Scorch Trials", 312296056, 61000000, ["Action", "Adventure", "Sci-Fi", "Thriller"], 131], "tt1136617": ["The Killer", 103865, null, ["Action", "Adventure", "Crime", "Drama", "Mystery", "Thriller"], 118], "tt0245429": ["Spirited Away", 357561772, null, ["Adventure", "Animation", "Family", "Fantasy", "Mystery"], 125], "tt0110357": ["The Lion King", 968750694, 45000000, ["Adventure", "Animation", "Drama", "Family", "Musical"], 88], "tt0062622": ["2001: A Space Odyssey", 66617663, 12000000, ["Adventure", "Sci-Fi"], 149], "tt1375670": ["Grown Ups", 271457606, 80000000, ["Comedy"], 102], "tt6723592": ["Tenet", 365304105, null, ["Action", "Sci-Fi", "Thriller"], 150], "tt1086772": ["Blended", 128006208, 40000000, ["Comedy", "Romance"], 117], "tt0112641": ["Casino", 116112375, null, ["Crime", "Drama"], 178], "tt5083738": ["The Favourite", 95918706, null, ["Biography", "Comedy", "Drama", "History"], 119], "tt8041270": ["Jurassic World Dominion", 1001978080, null, ["Action", "Adventure", "Sci-Fi", "Thriller"], 147], "tt0264464": ["Catch Me If You Can", 352114312, 52000000, ["Biography", "Crime", "Drama"], 141], "tt0075314": ["Taxi Driver", 28579636, null, ["Crime", "Drama"], 114], "tt4154756": ["Avengers: Infinity War", 2052415039, null, ["Action", "Adventure", "Sci-Fi"], 149], "tt0120586": ["American History X", 23875714, 20000000, ["Crime", "Drama"], 119], "tt0317219": ["Cars", 461996328, 120000000, ["Adventure", "Animation", "Comedy", "Family", "Sport"], 116], "tt0418279": ["Transformers", 709709780, 150000000, ["Action", "Adventure", "Sci-Fi"], 144], "tt0120815": ["Saving Private Ryan", 482351251, 70000000, ["Drama", "War"], 169], "tt1485796": ["The Greatest Showman", 438550994, 84000000, ["Biography", "Drama", "Musical"], 105], "tt0118715": ["The Big Lebowski", 48066229, null, ["Comedy", "Crime"], 117], "tt0405422": ["The 40-Year-Old Virgin", 177378645, 26000000, ["Comedy", "Romance"], 116], "tt1951264": ["The Hunger Games: Catching Fire", 865011746, 130000000, ["Action", "Adventure", "Sci-Fi", "Thriller"], 146], "tt5090568": ["Transformers: Rise of the Beasts", 438966392, null, ["Action", "Adventure", "Sci-Fi"], 127], "tt0332452": ["Troy", 497409852, 175000000, ["Drama"], 163]}