{"tt3359350": ["Road House", null, null, ["Action", "Thriller"], 121], "tt15239678": ["Dune: Part Two", 686892913, null, ["Action", "Adventure", "Drama", "Sci-Fi"], 166], "tt14998742": ["Rebel Moon - Part One: A Child of Fire", null, null, ["Action", "Adventure", "Drama", "Fantasy", "Sci-Fi"], 133], "tt6166392": ["Wonka", 632302312, null, ["Adventure", "Comedy", "Family", "Fantasy", "Musical"], 116], "tt13287846": ["Napoleon", 221036479, null, ["Action", "Adventure", "Biography", "Drama", "War"], 158], "tt10676048": ["The Marvels", 206124109, null, ["Action", "Adventure", "Fantasy"], 105], "tt10545296": ["The Hunger Games: The Ballad of Songbirds &amp; Snakes", 337371917, null, ["Action", "Adventure", "Drama", "Sci-Fi", "Thriller", "War"], 157], "tt23849204": ["12th Fail", 26162, null, ["Biography", "Drama"], 147], "tt12747748": ["Leave the World Behind", null, null, ["Drama", "Mystery", "Thriller"], 138], "tt11858890": ["The Creator", 104272136, null, ["Action", "Adventure", "Drama", "Sci-Fi", "Thriller"], 133], "tt22687790": ["A Haunting in Venice", 122290456, null, ["Crime", "Drama", "Horror", "Mystery", "Thriller"], 103], "tt16277242": ["Society of the Snow", 1281, null, ["Adventure", "Biography", "Drama", "History", "Thriller"], 144], "tt1136617": ["The Killer", 103865, null, ["Action", "Adventure", "Crime", "Drama", "Mystery", "Thriller"], 118], "tt14230458": ["Poor Things", 117022347, null, ["Comedy", "Drama", "Romance", "Sci-Fi"], 141], "tt17351924": ["Saltburn", 21026167, null, ["Drama", "Thriller"], 131], "tt14849194": ["The Holdovers", 44333964, null, ["Comedy", "Drama"], 133], "tt17024450": ["The Equalizer 3", 191067560, null, ["Action", "Crime", "Thriller"], 109], "tt15398776": ["Oppenheimer", 970159540, null, ["Biography", "Drama", "History"], 180], "tt1517268": ["Barbie", 1445638421, null, ["Adventure", "Comedy", "Fantasy"], 114], "tt7599146": ["Sound of Freedom", 250570396, null, ["Biography", "Crime", "Drama", "History", "Thriller"], 131], "tt9603212": ["Mission: Impossible - Dead Reckoning Part One", 567535383, 291000000, ["Action", "Adventure", "Thriller"], 163], "tt12915716": ["Adipurush", 22441, null, ["Action", "Adventure", "Drama", "Fantasy"], 179], "tt15671028": ["No Hard Feelings", 87256407, null, ["Comedy", "Romance"], 103], "tt0439572": ["The Flash", 271333313, null, ["Action", "Adventure", "Fantasy", "Sci-Fi"], 144], "tt12263384": ["Extraction II", null, null, ["Action", "Crime", "Thriller"], 122], "tt9362722": ["Spider-Man: Across the Spider-Verse", 690897910, null, ["Action", "Adventure", "Animation", "Fantasy", "Sci-Fi"], 140], "tt5090568": ["Transformers: Rise of the Beasts", 438966392, null, ["Action", "Adventure", "Sci-Fi"], 127], "tt15789038": ["Elemental", 496444308, null, ["Adventure", "Animation", "Comedy", "Drama", "Family", "Fantasy", "Romance"], 101], "tt14230388": ["Asteroid City", 53857743, null, ["Comedy", "Drama", "Romance", "Sci-Fi"], 105], "tt17009710": ["Anatomy of a Fall", 35521028, null, ["Crime", "Drama", "Thriller"], 151], "tt5537002": ["Killers of the Flower Moon", 157026901, null, ["Crime", "Drama", "History", "Mystery", "Romance", "Western"], 206], "tt1462764": ["Indiana Jones and the Dial of Destiny", 383963057, null, ["Action", "Adventure", "Sci-Fi"], 154], "tt5433140": ["Fast X", 704875015, null, ["Action", "Adventure", "Crime", "Mystery", "Thriller"], 141], "tt5971474": ["The Little Mermaid", 569626289, null, ["Adventure", "Family", "Fantasy", "Musical", "Romance"], 135], "tt4873118": ["Guy Ritchie's the Covenant", 21632392, null, ["Action", "Drama", "Thriller", "War"], 123], "tt6791350": ["Guardians of the Galaxy Vol. 3", 845555777, null, ["Action", "Adventure", "Comedy", "Sci-Fi"], 150], "tt6718170": ["The Super Mario Bros. Movie", 1362052250, null, ["Adventure", "Animation", "Comedy", "Family", "Fantasy"], 92], "tt16419074": ["Air", 90060106, null, ["Drama", "Sport"], 111], "tt13345606": ["Evil Dead Rise", 147033054, null, ["Horror"], 96], "tt10151854": ["Shazam! Fury of the Gods", 134038006, null, ["Action", "Adventure", "Comedy", "Fantasy"], 130], "tt10366206": ["John Wick: Chapter 4", 440157245, null, ["Action", "Crime", "Thriller"], 169], "tt2906216": ["Dungeons &amp; Dragons: Honor Among Thieves", 208177026, null, ["Action", "Adventure", "Comedy", "Fantasy"], 134], "tt17663992": ["Scream VI", 168961389, null, ["Horror", "Mystery", "Thriller"], 122], "tt14209916": ["Cocaine Bear", 88314672, null, ["Comedy", "Thriller"], 95], "tt10954600": ["Ant-Man and the Wasp: Quantumania", 476071180, null, ["Action", "Adventure", "Comedy", "Sci-Fi"], 124], "tt12844910": ["Pathaan", 128780000, null, ["Action", "Adventure", "Thriller"], 146], "tt15679400": ["Knock at the Cabin", 54760947, null, ["Horror", "Mystery", "Thriller"], 100], "tt13238346": ["Past Lives", 38731919, null, ["Drama", "Romance"], 105], "tt7405458": ["A Man Called Otto", 113190218, null, ["Comedy", "Drama"], 126], "tt10640346": ["Babylon", 63562440, null, ["Comedy", "Drama", "History"], 189], "tt14138650": ["The Pale Blue Eye", null, null, ["Crime", "Horror", "Mystery", "Thriller"], 128], "tt3915174": ["Puss in Boots: The Last Wish", 481705474, null, ["Action", "Adventure", "Animation", "Comedy", "Family", "Fantasy"], 102], "tt8760708": ["M3GAN", 180089109, null, ["Horror", "Sci-Fi", "Thriller"], 102], "tt1630029": ["Avatar: The Way of Water", 2320250281, null, ["Action", "Adventure", "Fantasy", "Sci-Fi"], 192], "tt9114286": ["Black Panther: Wakanda Forever", 859208836, null, ["Action", "Adventure", "Drama", "Sci-Fi"], 161], "tt10638522": ["Talk to Me", 92181735, null, ["Horror", "Thriller"], 95], "tt14641788": ["Enola Holmes 2", null, null, ["Action", "Adventure", "Crime", "Drama", "Mystery"], 129], "tt6443346": ["Black Adam", 393452111, null, ["Action", "Adventure", "Fantasy", "Sci-Fi"], 125], "tt1488589": ["Guillermo del Toro's Pinocchio", 28641, null, ["Adventure", "Animation", "Comedy", "Drama", "Family", "Fantasy", "Musical", "Mystery", "War"], 117], "tt15327088": ["Kantara", 77627, null, ["Action", "Adventure", "Drama", "Thriller"], 148], "tt15474916": ["Smile", 217408513, null, ["Horror", "Mystery", "Thriller"], 115], "tt11564570": ["Glass Onion", 9400000, null, ["Comedy", "Crime", "Drama", "Mystery", "Thriller"], 139], "tt1016150": ["All Quiet on the Western Front", null, null, ["Action", "Drama", "War"], 148], "tt9764362": ["The Menu", 79628200, null, ["Comedy", "Horror", "Thriller"], 107], "tt14208870": ["The Fabelmans", 45647323, null, ["Drama"], 151], "tt6277462": ["Brahmastra Part One: Shiva", 50164785, null, ["Action", "Adventure", "Fantasy"], 167], "tt10731256": ["Don't Worry Darling", 87609403, null, ["Drama", "Mystery", "Thriller"], 123], "tt11813216": ["The Banshees of Inisherin", 49262687, null, ["Comedy", "Drama"], 114], "tt13833688": ["The Whale", 57615635, null, ["Drama"], 117], "tt15791034": ["Barbarian", 45352337, null, ["Horror", "Mystery", "Thriller"], 102], "tt10028196": ["Laal Singh Chaddha", 12093536, null, ["Comedy", "Drama", "Romance"], 159], "tt15325794": ["Fall", 17363261, null, ["Action", "Thriller"], 107], "tt11866324": ["Prey", null, null, ["Action", "Adventure", "Horror", "Sci-Fi", "Thriller"], 100], "tt12593682": ["Bullet Train", 239268602, null, ["Action", "Comedy", "Thriller"], 127], "tt10954984": ["Nope", 171235592, null, ["Horror", "Mystery", "Sci-Fi", "Thriller"], 130], "tt1649418": ["The Gray Man", 80489, null, ["Action", "Thriller"], 122], "tt9411972": ["Where the Crawdads Sing", 144353965, null, ["Drama", "Mystery", "Romance", "Thriller"], 125], "tt10648342": ["Thor: Love and Thunder", 760928081, null, ["Action", "Adventure", "Comedy", "Fantasy", "Romance", "Sci-Fi"], 118], "tt10298810": ["Lightyear", 226425420, null, ["Action", "Adventure", "Animation", "Comedy", "Family", "Fantasy", "Sci-Fi"], 105], "tt8009428": ["Hustle", null, null, ["Comedy", "Drama", "Sport"], 117], "tt3704428": ["Elvis", 288670284, null, ["Biography", "Drama", "Music"], 159], "tt8041270": ["Jurassic World Dominion", 1001978080, null, ["Action", "Adventure", "Sci-Fi", "Thriller"], 147], "tt7322224": ["Triangle of Sadness", 26214659, null, ["Comedy", "Drama"], 147], "tt1745960": ["Top Gun: Maverick", 1495696292, null, ["Action", "Drama"], 130], "tt9419884": ["Doctor Strange in the Multiverse of Madness", 955775804, null, ["Action", "Adventure", "Fantasy", "Horror", "Sci-Fi"], 126], "tt10698680": ["K.G.F: Chapter 2", 89123940, null, ["Action", "Crime", "Drama", "Thriller"], 166], "tt4123432": ["Fantastic Beasts: The Secrets of Dumbledore", 407150844, null, ["Adventure", "Family", "Fantasy"], 142], "tt11138512": ["The Northman", 69633110, null, ["Action", "Adventure", "Drama", "Fantasy", "History", "Thriller"], 137], "tt8178634": ["RRR", 166611197, null, ["Action", "Adventure", "Drama"], 187], "tt5108870": ["Morbius", 167460961, null, ["Action", "Adventure", "Horror", "Sci-Fi", "Thriller"], 104], "tt13560574": ["X", 14740889, null, ["Horror", "Mystery", "Thriller"], 105], "tt13320622": ["The Lost City", 192907684, null, ["Action", "Adventure", "Comedy", "Romance"], 112], "tt11291274": ["The Unbearable Weight of Massive Talent", 29116320, null, ["Action", "Comedy", "Crime", "Thriller"], 107], "tt6710474": ["Everything Everywhere All at Once", 143411356, null, ["Action", "Adventure", "Comedy", "Fantasy", "Sci-Fi"], 139], "tt10811166": ["The Kashmir Files", 24821898, null, ["Drama"], 170], "tt1877830": ["The Batman", 772245583, null, ["Action", "Crime", "Drama", "Mystery", "Thriller"], 176], "tt8097030": ["Turning Red", 21813358, null, ["Adventure", "Animation", "Comedy", "Drama", "Family", "Fantasy"], 100], "tt2463208": ["The Adam Project", null, null, ["Action", "Adventure", "Comedy", "Sci-Fi"], 106], "tt7657566": ["Death on the Nile", 137307235, null, ["Crime", "Drama", "Mystery"], 127], "tt1464335": ["Uncharted", 407141258, null, ["Action", "Adventure"], 116], "tt11245972": ["Scream", 137743924, null, ["Horror", "Mystery", "Thriller"], 114], "tt10838180": ["The Matrix Resurrections", 157386805, null, ["Action", "Sci-Fi"], 148], "tt10872600": ["Spider-Man: No Way Home", 1921847111, null, ["Action", "Adventure", "Fantasy", "Sci-Fi"], 148], "tt6856242": ["The King's Man", 125897478, null, ["Action", "Adventure", "Thriller"], 131], "tt11286314": ["Don't Look Up", 60501, null, ["Comedy", "Drama", "Sci-Fi"], 138], "tt7740496": ["Nightmare Alley", 39629195, null, ["Crime", "Drama", "Thriller"], 150], "tt11233960": ["The Unforgivable", 8588, null, ["Crime", "Drama", "Mystery"], 112], "tt11271038": ["Licorice Pizza", 33274040, null, ["Comedy", "Drama", "Romance"], 133], "tt8721424": ["tick, tick... BOOM!", 53080, null, ["Biography", "Comedy", "Drama", "Musical"], 115], "tt11214590": ["House of Gucci", 153269161, null, ["Biography", "Crime", "Drama"], 158], "tt7991608": ["Red Notice", 178143, null, ["Action", "Comedy", "Thriller"], 118], "tt2953050": ["Encanto", 256786742, null, ["Animation", "Comedy", "Family", "Fantasy", "Musical"], 102], "tt15097216": ["Jai Bhim", null, null, ["Crime", "Drama", "Mystery"], 164], "tt9032400": ["Eternals", 402064899, null, ["Action", "Adventure", "Fantasy", "Sci-Fi"], 156], "tt4513678": ["Ghostbusters: Afterlife", 204334455, null, ["Adventure", "Comedy", "Fantasy", "Sci-Fi"], 124], "tt2382320": ["No Time to Die", 774153007, null, ["Action", "Adventure", "Thriller"], 163], "tt7144666": ["The Black Phone", 161440742, null, ["Horror", "Mystery", "Thriller"], 103], "tt7097896": ["Venom: Let There Be Carnage", 506863592, null, ["Action", "Sci-Fi", "Thriller"], 97], "tt9421570": ["The Guilty", null, null, ["Crime", "Drama", "Thriller"], 90], "tt4244994": ["The Last Duel", 30552111, null, ["Action", "Drama", "History", "Thriller"], 152], "tt9639470": ["Last Night in Soho", 22957625, null, ["Drama", "Horror", "Mystery", "Thriller"], 116], "tt1160419": ["Dune", 407573628, null, ["Action", "Adventure", "Drama", "Sci-Fi"], 155], "tt10293406": ["The Power of the Dog", 135551, null, ["Drama", "Western"], 126], "tt9620288": ["King Richard", 39429285, null, ["Biography", "Drama", "Sport"], 144], "tt3811906": ["Malignant", 34891791, null, ["Crime", "Horror", "Mystery"], 111], "tt9376612": ["Shang-Chi and the Legend of the Ten Rings", 432243292, null, ["Action", "Adventure", "Fantasy", "Sci-Fi"], 132], "tt10295212": ["Shershaah", null, null, ["Action", "Biography", "Drama", "War"], 135], "tt6264654": ["Free Guy", 331526598, null, ["Action", "Adventure", "Comedy", "Fantasy", "Sci-Fi"], 115], "tt9243804": ["The Green Knight", 18887953, null, ["Adventure", "Drama", "Fantasy"], 130], "tt6334354": ["The Suicide Squad", 168717425, 185000000, ["Action", "Adventure", "Comedy", "Sci-Fi"], 132], "tt0870154": ["Jungle Cruise", 220889446, null, ["Action", "Adventure", "Comedy", "Fantasy"], 127], "tt10954652": ["Old", 90146510, null, ["Drama", "Horror", "Mystery", "Thriller"], 108], "tt8847712": ["The French Dispatch", 46333545, null, ["Comedy", "Drama", "Romance"], 107], "tt3480822": ["Black Widow", 379751655, null, ["Action", "Adventure", "Sci-Fi"], 134], "tt9777666": ["The Tomorrow War", 8000000, null, ["Action", "Adventure", "Drama", "Sci-Fi", "Thriller"], 138], "tt12801262": ["Luca", 51074773, null, ["Adventure", "Animation", "Comedy", "Drama", "Family", "Fantasy"], 95], "tt8385148": ["Hitman's Wife's Bodyguard", 70094113, null, ["Action", "Comedy", "Crime", "Romance", "Thriller"], 100], "tt7069210": ["The Conjuring: The Devil Made Me Do It", 206431050, null, ["Horror", "Mystery", "Thriller"], 112], "tt5433138": ["F9: The Fast Saga", 726229501, null, ["Action", "Crime", "Thriller"], 143], "tt3228774": ["Cruella", 233503234, null, ["Adventure", "Comedy", "Crime", "Drama"], 134], "tt0993840": ["Army of the Dead", null, null, ["Action", "Crime", "Drama", "Horror", "Sci-Fi", "Thriller", "War"], 148], "tt10888594": ["Radhe", 1341080, null, ["Action", "Crime", "Thriller"], 109], "tt11083552": ["Wrath of Man", 103966489, null, ["Action", "Crime", "Thriller"], 119], "tt7979580": ["The Mitchells vs. the Machines", null, null, ["Adventure", "Animation", "Comedy", "Family", "Sci-Fi"], 114], "tt0293429": ["Mortal Kombat", 84426031, null, ["Action", "Adventure", "Fantasy", "Sci-Fi", "Thriller"], 110], "tt5034838": ["Godzilla vs. Kong", 470116094, null, ["Action", "Sci-Fi", "Thriller"], 113], "tt7888964": ["Nobody", 57510518, 16000000, ["Action", "Crime", "Drama", "Thriller"], 92], "tt12361974": ["Zack Snyder's Justice League", null, null, ["Action", "Adventure", "Fantasy", "Sci-Fi"], 242], "tt5109280": ["Raya and the Last Dragon", 130423032, null, ["Action", "Adventure", "Animation", "Comedy", "Drama", "Family", "Fantasy"], 107], "tt10366460": ["CODA", 24253, null, ["Comedy", "Drama", "Music"], 111], "tt10016180": ["The Little Things", 30842746, null, ["Crime", "Drama", "Mystery", "Thriller"], 128], "tt7126948": ["Wonder Woman 1984", 169601036, null, ["Action", "Adventure", "Fantasy"], 151], "tt10189514": ["Soorarai Pottru", null, null, ["Action", "Drama"], 153], "tt13143964": ["Borat Subsequent Moviefilm", null, null, ["Comedy"], 95], "tt2222042": ["Love and Monsters", 270302, null, ["Action", "Adventure", "Comedy", "Fantasy", "Sci-Fi"], 109], "tt2948372": ["Soul", 121977511, null, ["Adventure", "Animation", "Comedy", "Drama", "Family", "Fantasy", "Music"], 100], "tt1070874": ["The Trial of the Chicago 7", null, null, ["Drama", "History", "Thriller"], 129], "tt7846844": ["Enola Holmes", null, null, ["Action", "Adventure", "Crime", "Drama", "Mystery"], 123], "tt10288566": ["Another Round", 3588112, null, ["Drama"], 117], "tt9893250": ["I Care a Lot", 121297, null, ["Comedy", "Crime", "Drama", "Thriller"], 118], "tt9770150": ["Nomadland", 39458207, null, ["Drama"], 107], "tt7395114": ["The Devil All the Time", null, null, ["Crime", "Drama", "Thriller"], 138], "tt6723592": ["Tenet", 365304105, null, ["Action", "Sci-Fi", "Thriller"], 150], "tt7737786": ["Greenland", 4636607, null, ["Action", "Thriller"], 119], "tt8110330": ["Dil Bechara", 45171, null, ["Comedy", "Drama", "Romance"], 101], "tt6048922": ["Greyhound", null, null, ["Action", "Drama", "History", "War"], 91], "tt7556122": ["The Old Guard", null, null, ["Action", "Thriller"], 125], "tt8503618": ["Hamilton", null, null, ["Biography", "Drama", "History", "Musical"], 160], "tt8580274": ["Eurovision Song Contest: The Story of Fire Saga", null, null, ["Comedy", "Music"], 123], "tt8936646": ["Extraction", null, null, ["Action", "Thriller"], 116], "tt8244784": ["The Hunt", 10550350, 14000000, ["Action", "Horror", "Thriller"], 90], "tt4566758": ["Mulan", 821323, null, ["Action", "Adventure", "Drama", "Fantasy"], 115], "tt8332922": ["A Quiet Place Part II", 297372261, null, ["Drama", "Horror", "Sci-Fi", "Thriller"], 97], "tt1051906": ["The Invisible Man", 144492724, 7000000, ["Drama", "Horror", "Mystery", "Sci-Fi", "Thriller"], 124], "tt7146812": ["Onward", 141940042, null, ["Adventure", "Animation", "Comedy", "Drama", "Family", "Fantasy"], 102], "tt10272386": ["The Father", 24048935, null, ["Drama", "Mystery"], 97], "tt9484998": ["Palm Springs", 1512871, null, ["Comedy", "Fantasy", "Mystery", "Romance"], 90], "tt9620292": ["Promising Young Woman", 18854166, null, ["Crime", "Drama", "Mystery", "Thriller"], 113], "tt3794354": ["Sonic the Hedgehog", 319715683, 85000000, ["Action", "Adventure", "Comedy", "Family", "Fantasy", "Sci-Fi"], 99], "tt7713068": ["Birds of Prey", 205537933, 84500000, ["Action", "Comedy", "Crime"], 109], "tt1502397": ["Bad Boys for Life", 426505244, 90000000, ["Action", "Comedy", "Crime", "Thriller"], 124], "tt2527338": ["Star Wars: Episode IX - The Rise of Skywalker", 1077022372, 275000000, ["Action", "Adventure", "Fantasy", "Sci-Fi"], 141], "tt6394270": ["Bombshell", 61404394, 32000000, ["Biography", "Drama"], 109], "tt8106534": ["6 Underground", null, null, ["Action", "Thriller"], 128], "tt3281548": ["Little Women", 218843645, 40000000, ["Drama", "Romance"], 135], "tt7975244": ["Jumanji: The Next Level", 801693929, 125000000, ["Action", "Adventure", "Comedy", "Fantasy"], 123], "tt8579674": ["1917", 384580017, 95000000, ["Action", "Drama", "War"], 119], "tt8367814": ["The Gentlemen", 115175729, 22000000, ["Action", "Crime"], 113], "tt9071322": ["Dark Waters", 23108017, null, ["Biography", "Drama", "History", "Mystery"], 126], "tt4729430": ["Klaus", null, null, ["Adventure", "Animation", "Comedy", "Family", "Fantasy"], 96], "tt4520988": ["Frozen II", 1453683476, 150000000, ["Adventure", "Animation", "Comedy", "Drama", "Family", "Fantasy", "Musical"], 103], "tt5606664": ["Doctor Sleep", 72385286, 45000000, ["Drama", "Fantasy", "Horror", "Thriller"], 152], "tt6450804": ["Terminator: Dark Fate", 261119292, 185000000, ["Action", "Adventure", "Sci-Fi"], 128], "tt4777008": ["Maleficent: Mistress of Evil", 491730089, 185000000, ["Adventure", "Family", "Fantasy", "Romance"], 119], "tt1560220": ["Zombieland: Double Tap", 122810399, 42000000, ["Action", "Comedy", "Horror"], 99], "tt9243946": ["El Camino: A Breaking Bad Movie", null, null, ["Action", "Crime", "Drama", "Thriller"], 122], "tt1302006": ["The Irishman", 652212, null, ["Biography", "Crime", "Drama"], 209], "tt1025100": ["Gemini Man", 173469516, 138000000, ["Action", "Sci-Fi", "Thriller"], 117], "tt1206885": ["Rambo: Last Blood", 91490353, 50000000, ["Action", "Crime", "Thriller"], 89], "tt2584384": ["Jojo Rabbit", 93662741, 14000000, ["Comedy", "Drama", "War"], 108], "tt8946378": ["Knives Out", 312897920, 40000000, ["Comedy", "Crime", "Drama", "Mystery", "Thriller"], 130], "tt5503686": ["Hustlers", 157563598, 20000000, ["Comedy", "Crime", "Drama"], 110], "tt8228288": ["The Platform", 82277, null, ["Horror", "Sci-Fi", "Thriller"], 94], "tt5363618": ["Sound of Metal", 29902, null, ["Drama", "Music"], 120], "tt7984766": ["The King", 126659, null, ["Biography", "Drama", "History", "Romance", "War"], 140], "tt7286456": ["Joker", 1078958629, 55000000, ["Crime", "Drama", "Thriller"], 122], "tt8404614": ["The Two Popes", 38398, null, ["Biography", "Comedy", "Drama"], 125], "tt1950186": ["Ford v Ferrari", 225508210, 97600000, ["Action", "Biography", "Drama", "Sport"], 152], "tt5727208": ["Uncut Gems", 537242, 19000000, ["Crime", "Drama", "Thriller"], 135], "tt2935510": ["Ad Astra", 127461872, 90000000, ["Adventure", "Drama", "Mystery", "Sci-Fi", "Thriller"], 123], "tt7653254": ["Marriage Story", 52500, null, ["Drama", "Romance"], 137], "tt7349950": ["It Chapter Two", 473123154, 79000000, ["Drama", "Fantasy", "Horror"], 169], "tt6189022": ["Angel Has Fallen", 146661977, 40000000, ["Action", "Thriller"], 121], "tt6806448": ["Fast &amp; Furious Presents: Hobbs &amp; Shaw", 760732926, 200000000, ["Action", "Adventure", "Thriller"], 137], "tt6105098": ["The Lion King", 1663079059, 260000000, ["Adventure", "Animation", "Drama", "Family", "Musical"], 118], "tt6320628": ["Spider-Man: Far from Home", 1131927996, 160000000, ["Action", "Adventure", "Comedy", "Fantasy", "Sci-Fi"], 129], "tt8772262": ["Midsommar", 48059189, 9000000, ["Drama", "Horror", "Mystery", "Thriller"], 148], "tt1618434": ["Murder Mystery", null, null, ["Action", "Comedy", "Crime", "Mystery", "Romance"], 97], "tt1979376": ["Toy Story 4", 1073841394, 200000000, ["Adventure", "Animation", "Comedy", "Family", "Fantasy"], 100], "tt2283336": ["Men in Black: International", 253890701, 110000000, ["Action", "Adventure", "Comedy", "Sci-Fi"], 114], "tt6565702": ["Dark Phoenix", 252442974, 200000000, ["Action", "Adventure", "Sci-Fi"], 113], "tt3741700": ["Godzilla: King of the Monsters", 387300138, 170000000, ["Action", "Adventure", "Fantasy", "Sci-Fi"], 132], "tt7131622": ["Once Upon a Time... in Hollywood", 377617681, 90000000, ["Comedy", "Drama"], 161], "tt6751668": ["Parasite", 262099264, 11400000, ["Drama", "Thriller"], 132], "tt7984734": ["The Lighthouse", 18129854, null, ["Drama", "Fantasy", "Horror", "Mystery", "Thriller"], 109], "tt8613070": ["Portrait of a Lady on Fire", 10019521, null, ["Drama", "Romance"], 122], "tt2066051": ["Rocketman", 195320400, 40000000, ["Biography", "Drama", "Music", "Musical"], 121], "tt6146586": ["John Wick: Chapter 3 - Parabellum", 328349908, 75000000, ["Action", "Crime", "Thriller"], 130], "tt7752126": ["Brightburn", 33224654, 6000000, ["Drama", "Horror", "Mystery", "Sci-Fi"], 90], "tt6139732": ["Aladdin", 1054304000, 183000000, ["Adventure", "Comedy", "Family", "Fantasy", "Musical", "Romance"], 128], "tt8079248": ["Yesterday", 154608856, 26000000, ["Comedy", "Fantasy", "Music", "Romance"], 116], "tt5884052": ["Pok\u00e9mon: Detective Pikachu", 450063166, 150000000, ["Action", "Adventure", "Comedy", "Family", "Mystery", "Sci-Fi"], 104], "tt4154796": ["Avengers: Endgame", 2799439100, 356000000, ["Action", "Adventure", "Drama", "Sci-Fi"], 181], "tt0448115": ["Shazam!", 367799011, 100000000, ["Action", "Adventure", "Comedy", "Fantasy"], 132], "tt7798634": ["Ready or Not", 57615777, 6000000, ["Action", "Comedy", "Horror", "Mystery", "Thriller"], 95], "tt1860242": ["The Highwaymen", null, null, ["Biography", "Crime", "Drama", "Mystery", "Thriller", "Western"], 132], "tt1489887": ["Booksmart", 24959607, 6000000, ["Comedy"], 102], "tt4364194": ["The Peanut Butter Falcon", 133031473, 6200000, ["Adventure", "Comedy", "Drama"], 97], "tt2139881": ["Long Shot", 53873809, 40000000, ["Comedy", "Romance"], 125], "tt6857112": ["Us", 256071218, 20000000, ["Horror", "Mystery", "Thriller"], 116], "tt1488606": ["Triple Frontier", null, null, ["Action", "Thriller"], 125], "tt4154664": ["Captain Marvel", 1131416446, 160000000, ["Action", "Adventure", "Sci-Fi"], 123], "tt0437086": ["Alita: Battle Angel", 404980543, 170000000, ["Action", "Adventure", "Sci-Fi", "Thriller"], 122], "tt2481498": ["Extremely Wicked, Shockingly Evil and Vile", 57246, null, ["Biography", "Crime", "Drama", "Mystery", "Thriller"], 110], "tt6823368": ["Glass", 246999039, 20000000, ["Drama", "Horror", "Sci-Fi", "Thriller"], 129], "tt2386490": ["How to Train Your Dragon: The Hidden World", 524581026, 129000000, ["Action", "Adventure", "Animation", "Comedy", "Drama", "Family", "Fantasy"], 104], "tt5886046": ["Escape Room", 155712077, 9000000, ["Action", "Adventure", "Horror", "Mystery", "Sci-Fi", "Thriller"], 99], "tt9495224": ["Black Mirror: Bandersnatch", null, null, ["Drama", "Fantasy", "Mystery", "Sci-Fi", "Thriller"], 90], "tt4633694": ["Spider-Man: Into the Spider-Verse", 384298736, 90000000, ["Action", "Adventure", "Animation", "Comedy", "Family", "Fantasy", "Sci-Fi"], 117], "tt6266538": ["Vice", 76073488, null, ["Biography", "Comedy", "Drama", "History"], 132]}