{"tt0111161": ["The Shawshank Redemption", 28906619, 25000000, ["Drama"], 142], "tt0068646": ["The Godfather", 250342030, 6000000, ["Crime", "Drama"], 175], "tt0468569": ["The Dark Knight", 1008486720, 185000000, ["Action", "Crime", "Drama", "Thriller"], 152], "tt0108052": ["Schindler's List", 322161245, 22000000, ["Biography", "Drama", "History"], 195], "tt23849204": ["12th Fail", 26162, null, ["Biography", "Drama"], 147], "tt0071562": ["The Godfather Part II", 47962897, 13000000, ["Crime", "Drama"], 202], "tt0167260": ["The Lord of the Rings: The Return of the King", 1156600472, 94000000, ["Action", "Adventure", "Drama", "Fantasy"], 201], "tt0050083": ["12 Angry Men", 576, null, ["Crime", "Drama"], 96], "tt0110912": ["Pulp Fiction", 213928762, 8000000, ["Crime", "Drama"], 154], "tt0120737": ["The Lord of the Rings: The Fellowship of the Ring", 884041698, 93000000, ["Action", "Adventure", "Drama", "Fantasy"], 178], "tt1375666": ["Inception", 839030630, 160000000, ["Action", "Adventure", "Sci-Fi", "Thriller"], 148], "tt0137523": ["Fight Club", 101320107, 63000000, ["Drama"], 139], "tt0109830": ["Forrest Gump", 678226465, 55000000, ["Drama", "Romance"], 142], "tt0060196": ["The Good, the Bad and the Ugly", 25259657, null, ["Adventure", "Western"], 161], "tt0167261": ["The Lord of the Rings: The Two Towers", 948945489, 94000000, ["Action", "Adventure", "Drama", "Fantasy"], 179], "tt15239678": ["Dune: Part Two", 686892913, null, ["Action", "Adventure", "Drama", "Sci-Fi"], 166], "tt0816692": ["Interstellar", 733202212, 165000000, ["Adventure", "Drama", "Sci-Fi"], 169], "tt0133093": ["The Matrix", 467623299, 63000000, ["Action", "Sci-Fi"], 136], "tt0099685": ["Goodfellas", 47049784, null, ["Biography", "Crime", "Drama"], 145], "tt0073486": ["One Flew Over the Cuckoo's Nest", 109114987, 3000000, ["Drama"], 133], "tt0080684": ["Star Wars: Episode V - The Empire Strikes Back", 538375067, 18000000, ["Action", "Adventure", "Fantasy", "Sci-Fi"], 124], "tt15097216": ["Jai Bhim", null, null, ["Crime", "Drama", "Mystery"], 164], "tt10189514": ["Soorarai Pottru", null, null, ["Action", "Drama"], 153], "tt0120689": ["The Green Mile", 286801374, 60000000, ["Crime", "Drama", "Fantasy", "Mystery"], 189], "tt9362722": ["Spider-Man: Across the Spider-Verse", 690897910, null, ["Action", "Adventure", "Animation", "Fantasy", "Sci-Fi"], 140], "tt0102926": ["The Silence of the Lambs", 272742922, 19000000, ["Crime", "Drama", "Thriller"], 118], "tt0114369": ["Se7en", 327333559, 33000000, ["Crime", "Drama", "Mystery", "Thriller"], 127], "tt0103064": ["Terminator 2: Judgment Day", 520881154, 102000000, ["Action", "Adventure", "Sci-Fi"], 137], "tt0076759": ["Star Wars: Episode IV - A New Hope", 775398507, 11000000, ["Action", "Adventure", "Fantasy", "Sci-Fi"], 121], "tt0245429": ["Spirited Away", 357561772, null, ["Adventure", "Animation", "Family", "Fantasy", "Mystery"], 125], "tt0120815": ["Saving Private Ryan", 482351251, 70000000, ["Drama", "War"], 169], "tt0317248": ["City of God", 30680793, null, ["Crime", "Drama"], 130], "tt0118799": ["Life Is Beautiful", 230099013, null, ["Comedy", "Drama", "Romance", "War"], 116], "tt0047478": ["Seven Samurai", 346258, null, ["Action", "Drama"], 207], "tt0038650": ["It's a Wonderful Life", 9767242, null, ["Drama", "Family", "Fantasy", "Romance"], 130], "tt10811166": ["The Kashmir Files", 24821898, null, ["Drama"], 170], "tt0172495": ["Gladiator", 465387186, 103000000, ["Action", "Adventure", "Drama"], 155], "tt6751668": ["Parasite", 262099264, 11400000, ["Drama", "Thriller"], 132], "tt0078748": ["Alien", 106285522, 11000000, ["Horror", "Sci-Fi"], 117], "tt2582802": ["Whiplash", 49449489, 3300000, ["Drama", "Music"], 106], "tt0482571": ["The Prestige", 109676311, 40000000, ["Drama", "Mystery", "Sci-Fi", "Thriller"], 130], "tt0407887": ["The Departed", 291481358, 90000000, ["Crime", "Drama", "Thriller"], 151], "tt1853728": ["Django Unchained", 426076293, 100000000, ["Drama", "Western"], 165], "tt0110413": ["L\u00e9on: The Professional", 19570198, null, ["Action", "Crime", "Drama", "Thriller"], 110], "tt0088763": ["Back to the Future", 384577472, 19000000, ["Adventure", "Comedy", "Sci-Fi"], 116], "tt0114814": ["The Usual Suspects", 645363, 6000000, ["Crime", "Drama", "Mystery", "Thriller"], 106], "tt0110357": ["The Lion King", 968750694, 45000000, ["Adventure", "Animation", "Drama", "Family", "Musical"], 88], "tt0120586": ["American History X", 23875714, 20000000, ["Crime", "Drama"], 119], "tt0253474": ["The Pianist", 120098945, 35000000, ["Biography", "Drama", "Music", "War"], 150], "tt0054215": ["Psycho", 32060008, 806947, ["Horror", "Mystery", "Thriller"], 109], "tt0034583": ["Casablanca", 4656207, 950000, ["Drama", "Romance", "War"], 102], "tt1675434": ["The Intouchables", 426590315, null, ["Comedy", "Drama"], 112], "tt0095327": ["Grave of the Fireflies", 519421, null, ["Animation", "Drama", "War"], 89], "tt0064116": ["Once Upon a Time in the West", 5435312, null, ["Western"], 166], "tt0047396": ["Rear Window", 37040788, null, ["Mystery", "Thriller"], 112], "tt0095765": ["Cinema Paradiso", 13020497, null, ["Drama", "Romance"], 174], "tt0021749": ["City Lights", 50419, null, ["Comedy", "Drama", "Romance"], 87], "tt0027977": ["Modern Times", 463618, null, ["Comedy", "Drama", "Romance"], 87], "tt7286456": ["Joker", 1078958629, 55000000, ["Crime", "Drama", "Thriller"], 122], "tt0086879": ["Amadeus", 52068956, null, ["Biography", "Drama", "Music"], 160], "tt0078788": ["Apocalypse Now", 104911671, null, ["Drama", "Mystery", "War"], 147], "tt0361748": ["Inglourious Basterds", 321458605, 70000000, ["Adventure", "Drama", "War"], 153], "tt4154796": ["Avengers: Endgame", 2799439100, 356000000, ["Action", "Adventure", "Drama", "Sci-Fi"], 181], "tt0090605": ["Aliens", 131060248, null, ["Action", "Adventure", "Sci-Fi", "Thriller"], 137], "tt1345836": ["The Dark Knight Rises", 1085289416, 250000000, ["Action", "Drama", "Thriller"], 164], "tt0209144": ["Memento", 40047236, 9000000, ["Mystery", "Thriller"], 113], "tt0081505": ["The Shining", 47380008, 19000000, ["Drama", "Horror"], 146], "tt4154756": ["Avengers: Infinity War", 2052415039, null, ["Action", "Adventure", "Sci-Fi"], 149], "tt0082971": ["Raiders of the Lost Ark", 389925971, 18000000, ["Action", "Adventure"], 115], "tt4633694": ["Spider-Man: Into the Spider-Verse", 384298736, 90000000, ["Action", "Adventure", "Animation", "Comedy", "Family", "Fantasy", "Sci-Fi"], 117], "tt5311514": ["Your Name.", 382238191, null, ["Animation", "Drama", "Fantasy", "Romance"], 106], "tt2380307": ["Coco", 814337054, null, ["Adventure", "Animation", "Drama", "Family", "Fantasy", "Music", "Mystery"], 105], "tt0910970": ["WALL\u00b7E", 521320168, 180000000, ["Adventure", "Animation", "Family", "Sci-Fi"], 98], "tt1187043": ["3 Idiots", 60262836, null, ["Comedy", "Drama"], 170], "tt0057012": ["Dr. Strangelove or: How I Learned to Stop Worrying and Love the Bomb", 9529170, 1800000, ["Comedy", "War"], 95], "tt0405094": ["The Lives of Others", 77357476, 2000000, ["Drama", "Mystery", "Thriller"], 137], "tt8267604": ["Capernaum", 64417003, null, ["Drama"], 126], "tt0082096": ["Das Boot", 26994, null, ["Drama", "War"], 149], "tt0043014": ["Sunset Blvd.", 304474, null, ["Drama", "Film-Noir"], 110], "tt0050825": ["Paths of Glory", 5252, null, ["Drama", "War"], 88], "tt0051201": ["Witness for the Prosecution", 7693, null, ["Crime", "Drama", "Mystery", "Thriller"], 116], "tt0032553": ["The Great Dictator", 934810, null, ["Comedy", "Drama", "War"], 125], "tt15398776": ["Oppenheimer", 970159540, null, ["Biography", "Drama", "History"], 180], "tt0113277": ["Heat", 187436818, null, ["Action", "Crime", "Drama"], 170], "tt0338013": ["Eternal Sunshine of the Spotless Mind", 73390334, 20000000, ["Drama", "Romance", "Sci-Fi"], 108], "tt0119217": ["Good Will Hunting", 225933435, null, ["Drama", "Romance"], 126], "tt0169547": ["American Beauty", 356296601, 15000000, ["Drama"], 122], "tt0180093": ["Requiem for a Dream", 7390108, null, ["Drama"], 102], "tt0364569": ["Oldboy", 17542965, null, ["Action", "Drama", "Mystery", "Thriller"], 120], "tt0062622": ["2001: A Space Odyssey", 66617663, 12000000, ["Adventure", "Sci-Fi"], 149], "tt0066921": ["A Clockwork Orange", 27023100, 2200000, ["Crime", "Sci-Fi"], 136], "tt0086250": ["Scarface", 66443303, null, ["Crime", "Drama"], 170], "tt0112573": ["Braveheart", 213216216, 72000000, ["Biography", "Drama", "War"], 178], "tt0105236": ["Reservoir Dogs", 2930208, 1200000, ["Crime", "Thriller"], 99], "tt1255953": ["Incendies", 6797861, 6800000, ["Drama", "Mystery", "War"], 131], "tt0087843": ["Once Upon a Time in America", 5475086, null, ["Crime", "Drama"], 229], "tt8503618": ["Hamilton", null, null, ["Biography", "Drama", "History", "Musical"], 160], "tt0093058": ["Full Metal Jacket", 46361894, 30000000, ["Drama", "War"], 116], "tt2106476": ["The Hunt", 15886373, null, ["Drama"], 115], "tt0114709": ["Toy Story", 394436586, null, ["Adventure", "Animation", "Comedy", "Family", "Fantasy"], 81], "tt0056172": ["Lawrence of Arabia", 45748322, null, ["Adventure", "Biography", "Drama", "War"], 218], "tt0086190": ["Star Wars: Episode VI - Return of the Jedi", 475106177, 32500000, ["Action", "Adventure", "Fantasy", "Sci-Fi"], 131], "tt0211915": ["Am\u00e9lie", 174917271, 10000000, ["Comedy", "Romance"], 122], "tt1049413": ["Up", 735102136, 175000000, ["Adventure", "Animation", "Comedy", "Drama", "Family"], 96], "tt0056592": ["To Kill a Mockingbird", 599146, null, ["Crime", "Drama"], 129], "tt0053125": ["North by Northwest", 149688, null, ["Action", "Adventure", "Mystery", "Thriller"], 136], "tt0119698": ["Princess Mononoke", 170203602, null, ["Action", "Adventure", "Animation", "Fantasy"], 134], "tt0435761": ["Toy Story 3", 1067316101, 200000000, ["Adventure", "Animation", "Comedy", "Family", "Fantasy"], 103], "tt0052357": ["Vertigo", 7804803, null, ["Mystery", "Romance", "Thriller"], 128], "tt0070735": ["The Sting", 156000000, null, ["Comedy", "Crime", "Drama"], 129], "tt0045152": ["Singin' in the Rain", 2010042, null, ["Comedy", "Musical", "Romance"], 103], "tt0017136": ["Metropolis", 1349711, null, ["Drama", "Sci-Fi"], 153], "tt0033467": ["Citizen Kane", 1702325, null, ["Drama", "Mystery"], 119], "tt0036775": ["Double Indemnity", 2672, null, ["Crime", "Drama", "Film-Noir", "Mystery", "Thriller"], 107], "tt0022100": ["M", 35566, null, ["Crime", "Mystery", "Thriller"], 117], "tt5074352": ["Dangal", 303723636, null, ["Action", "Biography", "Drama", "Sport"], 161], "tt0053604": ["The Apartment", 18778738, null, ["Comedy", "Drama", "Romance"], 125], "tt1832382": ["A Separation", 22926076, null, ["Drama"], 123], "tt0986264": ["Like Stars on Earth", 21897373, null, ["Drama", "Family"], 162], "tt0040522": ["Bicycle Thieves", 450159, null, ["Drama"], 89], "tt10698680": ["K.G.F: Chapter 2", 89123940, null, ["Action", "Crime", "Drama", "Thriller"], 166], "tt10295212": ["Shershaah", null, null, ["Action", "Biography", "Drama", "War"], 135], "tt8110330": ["Dil Bechara", 45171, null, ["Comedy", "Drama", "Romance"], 101], "tt1745960": ["Top Gun: Maverick", 1495696292, null, ["Action", "Drama"], 130], "tt0266697": ["Kill Bill: Vol. 1", 180908413, 30000000, ["Action", "Crime", "Thriller"], 111], "tt0993846": ["The Wolf of Wall Street", 407039432, 100000000, ["Biography", "Comedy", "Crime", "Drama"], 180], "tt10872600": ["Spider-Man: No Way Home", 1921847111, null, ["Action", "Adventure", "Fantasy", "Sci-Fi"], 148], "tt1392214": ["Prisoners", 122127446, 46000000, ["Crime", "Drama", "Mystery", "Thriller"], 153], "tt0107290": ["Jurassic Park", 1114456337, 63000000, ["Action", "Adventure", "Sci-Fi", "Thriller"], 127], "tt0477348": ["No Country for Old Men", 171632777, null, ["Crime", "Drama", "Thriller"], 122], "tt0208092": ["Snatch", 83557872, null, ["Comedy", "Crime"], 104], "tt6966692": ["Green Book", 321752656, 23000000, ["Biography", "Comedy", "Drama", "Music"], 130], "tt1130884": ["Shutter Island", 294850027, 80000000, ["Drama", "Mystery", "Thriller"], 138], "tt0031381": ["Gone with the Wind", 402382193, null, ["Drama", "Romance", "War"], 238], "tt0372784": ["Batman Begins", 375325692, 150000000, ["Action", "Crime", "Drama"], 140], "tt0112641": ["Casino", 116112375, null, ["Crime", "Drama"], 178], "tt0075314": ["Taxi Driver", 28579636, null, ["Crime", "Drama"], 114], "tt0105695": ["Unforgiven", 159167799, null, ["Drama", "Western"], 130], "tt0167404": ["The Sixth Sense", 672806432, 40000000, ["Drama", "Mystery", "Thriller"], 107], "tt0120382": ["The Truman Show", 264118712, null, ["Comedy", "Drama"], 103], "tt0119488": ["L.A. Confidential", 126216940, null, ["Crime", "Drama", "Mystery", "Thriller"], 138], "tt0084787": ["The Thing", 19872469, null, ["Horror", "Mystery", "Sci-Fi"], 109], "tt0347149": ["Howl's Moving Castle", 237728734, null, ["Adventure", "Animation", "Family", "Fantasy"], 119], "tt8579674": ["1917", 384580017, 95000000, ["Action", "Drama", "War"], 119], "tt0469494": ["There Will Be Blood", 76186224, 25000000, ["Drama"], 158], "tt0268978": ["A Beautiful Mind", 316791257, 58000000, ["Biography", "Drama", "Mystery"], 135], "tt0095016": ["Die Hard", 143651650, 28000000, ["Action", "Thriller"], 132], "tt0266543": ["Finding Nemo", 941637960, 94000000, ["Adventure", "Animation", "Comedy", "Family"], 100], "tt0363163": ["Downfall", 92181574, null, ["Biography", "Drama", "History", "War"], 156], "tt0097576": ["Indiana Jones and the Last Crusade", 474171806, 48000000, ["Action", "Adventure"], 127], "tt0434409": ["V for Vendetta", 134686457, 54000000, ["Action", "Drama", "Sci-Fi", "Thriller"], 132], "tt0457430": ["Pan's Labyrinth", 83863565, 19000000, ["Drama", "Fantasy", "War"], 118], "tt10272386": ["The Father", 24048935, null, ["Drama", "Mystery"], 97], "tt0057115": ["The Great Escape", 227940, null, ["Adventure", "Drama", "Thriller", "War"], 172], "tt0071853": ["Monty Python and the Holy Grail", 2812669, null, ["Adventure", "Comedy", "Fantasy"], 91], "tt1305806": ["The Secret in Their Eyes", 35079650, null, ["Drama", "Mystery", "Romance", "Thriller"], 129], "tt0089881": ["Ran", 4166319, 11500000, ["Action", "Drama", "War"], 160], "tt0053291": ["Some Like It Hot", 47675, null, ["Comedy", "Music", "Romance"], 121], "tt0040897": ["The Treasure of the Sierra Madre", 215295, null, ["Adventure", "Drama", "Western"], 126], "tt0080678": ["The Elephant Man", 26028672, null, ["Biography", "Drama"], 124], "tt0059578": ["For a Few Dollars More", 15000000, null, ["Drama", "Western"], 132], "tt0046912": ["Dial M for Murder", 43308, null, ["Crime", "Thriller"], 105], "tt0042192": ["All About Eve", 152366, null, ["Drama"], 138], "tt0042876": ["Rashomon", 117668, null, ["Crime", "Drama", "Mystery"], 88], "tt4729430": ["Klaus", null, null, ["Adventure", "Animation", "Comedy", "Family", "Fantasy"], 96], "tt0055630": ["Yojimbo", 561692, null, ["Action", "Drama", "Thriller"], 110], "tt8108198": ["Andhadhun", 62475342, null, ["Crime", "Mystery", "Thriller"], 139], "tt15327088": ["Kantara", 77627, null, ["Action", "Adventure", "Drama", "Thriller"], 148], "tt0012349": ["The Kid", 80747, null, ["Comedy", "Drama", "Family"], 68], "tt1954470": ["Gangs of Wasseypur", 4384494, null, ["Action", "Comedy", "Crime", "Drama", "Thriller"], 321], "tt5813916": ["The Mountain II", 11371303, null, ["Action", "Drama", "War"], 135], "tt4849438": ["Baahubali 2: The Conclusion", 254158390, null, ["Action", "Drama"], 167], "tt1392190": ["Mad Max: Fury Road", 380418444, 150000000, ["Action", "Adventure", "Sci-Fi", "Thriller"], 120], "tt1950186": ["Ford v Ferrari", 225508210, 97600000, ["Action", "Biography", "Drama", "Sport"], 152], "tt0325980": ["Pirates of the Caribbean: The Curse of the Black Pearl", 654264546, 140000000, ["Action", "Adventure", "Fantasy"], 143], "tt1979320": ["Rush", 96992516, 38000000, ["Action", "Biography", "Drama", "Sport"], 123], "tt2267998": ["Gone Girl", 369330536, 61000000, ["Drama", "Mystery", "Thriller"], 149], "tt0032138": ["The Wizard of Oz", 25637669, 2777000, ["Adventure", "Family", "Fantasy", "Musical"], 102], "tt0088247": ["The Terminator", 78371200, 6400000, ["Action", "Adventure", "Sci-Fi"], 107], "tt0083658": ["Blade Runner", 41754158, null, ["Action", "Drama", "Sci-Fi", "Thriller"], 117], "tt0092005": ["Stand by Me", 242795, null, ["Adventure", "Comedy", "Drama"], 89], "tt4016934": ["The Handmaiden", 37863670, null, ["Drama", "Romance", "Thriller"], 145], "tt0264464": ["Catch Me If You Can", 352114312, 52000000, ["Biography", "Crime", "Drama"], 141], "tt0118715": ["The Big Lebowski", 48066229, null, ["Comedy", "Crime"], 117], "tt0070047": ["The Exorcist", 441306145, 11000000, ["Horror"], 122], "tt2278388": ["The Grand Budapest Hotel", 174567384, 25000000, ["Adventure", "Comedy", "Crime"], 99], "tt2119532": ["Hacksaw Ridge", 180563636, 40000000, ["Biography", "Drama", "History", "War"], 139], "tt0097165": ["Dead Poets Society", 235860116, null, ["Comedy", "Drama"], 128], "tt0073195": ["Jaws", 477220580, 7000000, ["Adventure", "Mystery", "Thriller"], 124], "tt0116282": ["Fargo", 60611975, 7000000, ["Crime", "Thriller"], 98], "tt1201607": ["Harry Potter and the Deathly Hallows: Part 2", 1356962211, null, ["Adventure", "Family", "Fantasy", "Mystery"], 130], "tt1454029": ["The Help", 216639112, 25000000, ["Drama"], 146], "tt2096673": ["Inside Out", 858852998, 175000000, ["Adventure", "Animation", "Comedy", "Drama", "Family", "Fantasy"], 95], "tt0382932": ["Ratatouille", 623728318, 150000000, ["Adventure", "Animation", "Comedy", "Family", "Fantasy"], 111], "tt0120735": ["Lock, Stock and Two Smoking Barrels", 143321, null, ["Action", "Comedy", "Crime"], 107], "tt3315342": ["Logan", 619180476, 97000000, ["Action", "Drama", "Sci-Fi", "Thriller"], 137], "tt0117951": ["Trainspotting", 16787952, null, ["Drama"], 93], "tt0077416": ["The Deer Hunter", 49080126, 15000000, ["Drama", "War"], 183], "tt0059742": ["The Sound of Music", 159470192, 8200000, ["Biography", "Drama", "Family", "Musical", "Romance"], 172], "tt3170832": ["Room", 35402766, null, ["Drama", "Thriller"], 118], "tt0091763": ["Platoon", 138545632, 6000000, ["Drama", "War"], 120], "tt0353969": ["Memories of Murder", 1208481, null, ["Crime", "Drama", "Mystery", "Thriller"], 131], "tt0758758": ["Into the Wild", 56676733, null, ["Adventure", "Biography", "Drama"], 148], "tt0892769": ["How to Train Your Dragon", 494879860, 165000000, ["Action", "Adventure", "Animation", "Family", "Fantasy"], 98], "tt5027774": ["Three Billboards Outside Ebbing, Missouri", 162729321, null, ["Comedy", "Crime", "Drama"], 115], "tt0198781": ["Monsters, Inc.", 579723768, 115000000, ["Adventure", "Animation", "Comedy", "Family", "Fantasy"], 92], "tt1291584": ["Warrior", 23308615, 25000000, ["Action", "Drama", "Sport"], 140], "tt0075148": ["Rocky", 117251948, null, ["Drama", "Sport"], 120], "tt1895587": ["Spotlight", 98690254, null, ["Biography", "Crime", "Drama"], 129], "tt0071315": ["Chinatown", 29229859, null, ["Drama", "Mystery", "Thriller"], 130], "tt1205489": ["Gran Torino", 269958228, 33000000, ["Drama"], 116], "tt0112471": ["Before Sunrise", 5992863, 2500000, ["Drama", "Romance"], 101], "tt2024544": ["12 Years a Slave", 187734091, 20000000, ["Biography", "Drama", "History"], 134], "tt0087884": ["Paris, Texas", 2274285, null, ["Drama"], 145], "tt0405159": ["Million Dollar Baby", 216763646, 30000000, ["Drama", "Sport"], 132], "tt8613070": ["Portrait of a Lady on Fire", 10019521, null, ["Drama", "Romance"], 122], "tt0079944": ["Stalker", 395274, null, ["Drama", "Sci-Fi"], 162], "tt0052618": ["Ben-Hur", 74437981, 15000000, ["Adventure", "Drama"], 212], "tt0047296": ["On the Waterfront", 71, null, ["Crime", "Drama", "Thriller"], 108], "tt0113247": ["La haine", 414607, null, ["Crime", "Drama"], 98], "tt0118694": ["In the Mood for Love", 15062886, null, ["Drama", "Romance"], 98], "tt0107207": ["In the Name of the Father", 65796862, null, ["Biography", "Crime", "Drama"], 133], "tt0096283": ["My Neighbor Totoro", 30695952, null, ["Animation", "Comedy", "Family", "Fantasy"], 86], "tt0081398": ["Raging Bull", 23406933, null, ["Biography", "Drama", "Sport"], 129], "tt5323662": ["A Silent Voice: The Movie", 30759915, null, ["Animation", "Drama"], 130], "tt1028532": ["Hachi: A Dog's Tale", 46748131, null, ["Biography", "Drama", "Family"], 93], "tt0072684": ["Barry Lyndon", 22771, null, ["Adventure", "Drama", "War"], 185], "tt3011894": ["Wild Tales", 31478893, null, ["Comedy", "Drama", "Thriller"], 122], "tt0395169": ["Hotel Rwanda", 33882243, null, ["Biography", "Drama", "History", "War"], 121], "tt0129167": ["The Iron Giant", 23336145, 70000000, ["Action", "Adventure", "Animation", "Comedy", "Drama", "Family", "Sci-Fi"], 86], "tt0074958": ["Network", 23692346, 3800000, ["Drama"], 121], "tt0060827": ["Persona", 13265, null, ["Drama", "Thriller"], 85], "tt0050976": ["The Seventh Seal", 216952, null, ["Drama", "Fantasy"], 96], "tt0061512": ["Cool Hand Luke", 59, null, ["Crime", "Drama"], 127], "tt0381681": ["Before Sunset", 15854926, 2700000, ["Drama", "Romance"], 80], "tt0050212": ["The Bridge on the River Kwai", 3000000, 3000000, ["Adventure", "Drama", "War"], 161], "tt0041959": ["The Third Man", 1233079, null, ["Film-Noir", "Mystery", "Thriller"], 104], "tt0245712": ["Amores Perros", 20908467, null, ["Drama", "Thriller"], 154], "tt0032976": ["Rebecca", 50700, null, ["Drama", "Mystery", "Romance", "Thriller"], 130], "tt0025316": ["It Happened One Night", 325000, 325000, ["Comedy", "Romance"], 105], "tt2338151": ["PK", 100370104, null, ["Comedy", "Drama", "Sci-Fi"], 153], "tt0978762": ["Mary and Max", 79576, null, ["Animation", "Comedy", "Drama"], 92], "tt0111495": ["Three Colors: Red", 3634446, null, ["Drama", "Mystery", "Romance"], 99], "tt0050986": ["Wild Strawberries", 14524, null, ["Drama", "Romance"], 91], "tt0053198": ["The 400 Blows", 190709, null, ["Crime", "Drama"], 99], "tt0031679": ["Mr. Smith Goes to Washington", 1900000, 1900000, ["Comedy", "Drama"], 129], "tt0169102": ["Lagaan: Once Upon a Time in India", 1724806, null, ["Drama", "Musical", "Sport"], 224], "tt0015864": ["The Gold Rush", 80747, null, ["Adventure", "Comedy", "Drama", "Romance", "Western"], 95], "tt0405508": ["Rang De Basanti", 10800778, null, ["Comedy", "Crime", "Drama"], 167], "tt1160419": ["Dune", 407573628, null, ["Action", "Adventure", "Drama", "Sci-Fi"], 155]}