{"tt10888594": ["Radhe", 1341080, null, ["Action", "Crime", "Thriller"], 109], "tt0799949": ["Epic Movie", 87238158, null, ["Adventure", "Comedy", "Fantasy"], 86], "tt1073498": ["Meet the Spartans", 85897593, null, ["Comedy", "Fantasy"], 87], "tt12915716": ["Adipurush", 22441, null, ["Action", "Adventure", "Drama", "Fantasy"], 179], "tt0327554": ["Catwoman", 82402379, 100000000, ["Action", "Crime", "Fantasy"], 104], "tt0118688": ["Batman &amp; Robin", 238259307, 125000000, ["Action", "Sci-Fi"], 125], "tt0938283": ["The Last Airbender", 319713881, 150000000, ["Action", "Adventure", "Family", "Fantasy"], 103], "tt2322441": ["Fifty Shades of Grey", 569651467, 40000000, ["Drama", "Romance", "Thriller"], 125], "tt1333125": ["Movie 43", 32443111, 6000000, ["Comedy"], 94], "tt1502712": ["Fantastic Four", 167882881, 120000000, ["Action", "Adventure", "Sci-Fi"], 100], "tt1071875": ["Ghost Rider: Spirit of Vengeance", 132563930, 57000000, ["Action", "Fantasy", "Thriller"], 96], "tt4465564": ["Fifty Shades Darker", 381545846, 55000000, ["Drama", "Mystery", "Romance", "Thriller"], 118], "tt0758730": ["Aliens vs. Predator: Requiem", 130290885, null, ["Action", "Horror", "Sci-Fi", "Thriller"], 94], "tt0119303": ["Home Alone 3", 79082515, 32000000, ["Action", "Comedy", "Crime", "Family"], 102], "tt1259571": ["The Twilight Saga: New Moon", 711048123, 50000000, ["Adventure", "Drama", "Fantasy", "Romance"], 130], "tt1815862": ["After Earth", 243611982, 130000000, ["Action", "Adventure", "Sci-Fi"], 100], "tt3605418": ["Knock Knock", 5567103, null, ["Crime", "Thriller"], 99], "tt0118615": ["Anaconda", 136885767, null, ["Action", "Adventure", "Horror", "Thriller"], 89], "tt1045778": ["Year One", 62357900, 60000000, ["Comedy"], 97], "tt1324999": ["The Twilight Saga: Breaking Dawn - Part 1", 712205856, 110000000, ["Adventure", "Drama", "Fantasy", "Romance", "Thriller"], 117], "tt0120891": ["Wild Wild West", 222104681, 170000000, ["Action", "Comedy", "Sci-Fi", "Western"], 106], "tt0305357": ["Charlie's Angels: Full Throttle", 259175788, 120000000, ["Action", "Adventure", "Comedy", "Crime"], 106], "tt0949731": ["The Happening", 163404284, 48000000, ["Adventure", "Drama", "Sci-Fi", "Thriller"], 91], "tt1325004": ["The Twilight Saga: Eclipse", 698513085, 68000000, ["Action", "Adventure", "Drama", "Fantasy", "Mystery", "Romance", "Thriller"], 124], "tt5108870": ["Morbius", 167460961, null, ["Action", "Adventure", "Horror", "Sci-Fi", "Thriller"], 104], "tt0449010": ["Eragon", 250425512, 100000000, ["Action", "Adventure", "Family", "Fantasy"], 104], "tt1144884": ["The Final Destination", 186167139, 40000000, ["Horror", "Thriller"], 82], "tt0362120": ["Scary Movie 4", 178262620, 45000000, ["Comedy"], 83], "tt0816462": ["Conan the Barbarian", 63523283, 90000000, ["Action", "Adventure", "Fantasy"], 113], "tt1956620": ["Sex Tape", 126069509, 40000000, ["Comedy", "Romance"], 94], "tt0443649": ["10,000 BC", 269784201, 105000000, ["Action", "Adventure", "Drama", "Fantasy", "History"], 109], "tt3371366": ["Transformers: The Last Knight", 605425157, 217000000, ["Action", "Adventure", "Sci-Fi"], 154], "tt5433138": ["F9: The Fast Saga", 726229501, null, ["Action", "Crime", "Thriller"], 143], "tt1179056": ["A Nightmare on Elm Street", 115695339, 35000000, ["Crime", "Drama", "Horror", "Mystery"], 95], "tt2304933": ["The 5th Wave", 109906372, 38000000, ["Action", "Adventure", "Sci-Fi", "Thriller"], 112], "tt0859163": ["The Mummy: Tomb of the Dragon Emperor", 403449830, 145000000, ["Action", "Adventure", "Fantasy", "Horror"], 112], "tt1628841": ["Independence Day: Resurgence", 389681935, 165000000, ["Action", "Adventure", "Sci-Fi"], 120], "tt0419706": ["Doom", 58072119, 60000000, ["Action", "Horror", "Sci-Fi"], 105], "tt1606378": ["A Good Day to Die Hard", 304654182, 92000000, ["Action", "Thriller"], 98], "tt1099212": ["Twilight", 408491728, 37000000, ["Drama", "Fantasy", "Romance"], 122], "tt0267913": ["Scooby-Doo", 275679958, 84000000, ["Adventure", "Comedy", "Family", "Fantasy", "Mystery"], 89], "tt2101441": ["Spring Breakers", 32170399, 5000000, ["Crime", "Drama", "Thriller"], 94], "tt5814060": ["The Nun", 366082797, 22000000, ["Horror", "Mystery", "Thriller"], 96], "tt0257106": ["Scary Movie 2", 141220678, 45000000, ["Comedy", "Horror"], 83], "tt1038686": ["Legion", 67918658, 26000000, ["Action", "Fantasy", "Horror"], 100], "tt3829266": ["The Predator", 160542134, 88000000, ["Action", "Adventure", "Horror", "Sci-Fi"], 107], "tt0287978": ["Daredevil", 179179718, 78000000, ["Action", "Crime"], 103], "tt1981128": ["Geostorm", 221900160, 120000000, ["Action", "Sci-Fi", "Thriller"], 109], "tt0259324": ["Ghost Rider", 228738393, 110000000, ["Action", "Fantasy", "Thriller"], 110], "tt1617661": ["Jupiter Ascending", 184287723, 176000000, ["Action", "Adventure", "Sci-Fi"], 127], "tt0185431": ["Little Nicky", 58292295, 85000000, ["Comedy", "Fantasy"], 90], "tt1855325": ["Resident Evil: Retribution", 240159255, 65000000, ["Action", "Horror", "Sci-Fi", "Thriller"], 95], "tt0467197": ["Max Payne", 87066930, 35000000, ["Action", "Crime", "Drama", "Mystery", "Thriller"], 100], "tt1114740": ["Paul Blart: Mall Cop", 183348429, 26000000, ["Action", "Comedy", "Crime", "Family"], 91], "tt2191701": ["Grown Ups 2", 246984278, 80000000, ["Comedy"], 101], "tt0120685": ["Godzilla", 379014294, 130000000, ["Action", "Sci-Fi", "Thriller"], 139], "tt2404233": ["Gods of Egypt", 150680864, 140000000, ["Action", "Adventure", "Drama", "Fantasy"], 127], "tt0112462": ["Batman Forever", 336567158, 100000000, ["Action", "Adventure"], 121], "tt7126948": ["Wonder Woman 1984", 169601036, null, ["Action", "Adventure", "Fantasy"], 151], "tt2345759": ["The Mummy", 409231607, 125000000, ["Action", "Adventure", "Fantasy", "Horror", "Thriller"], 111], "tt3322940": ["Annabelle", 257589952, 6500000, ["Horror", "Mystery", "Thriller"], 99], "tt4287320": ["The Circle", 40656399, 18000000, ["Drama", "Mystery", "Sci-Fi", "Thriller"], 110], "tt1486185": ["Red Riding Hood", 90260376, 42000000, ["Fantasy", "Horror", "Mystery", "Romance", "Thriller"], 100], "tt1502404": ["Drive Angry", 40909909, null, ["Action", "Comedy", "Fantasy", "Thriller"], 104], "tt2193215": ["The Counselor", 71009334, 25000000, ["Action", "Adventure", "Crime", "Drama", "Mystery", "Thriller"], 117], "tt0413099": ["Evan Almighty", 174440724, 175000000, ["Comedy", "Family", "Fantasy"], 96], "tt0402022": ["\u00c6on Flux", 53321673, 62000000, ["Action", "Adventure", "Sci-Fi", "Thriller"], 93], "tt0377109": ["The Ring Two", 163995949, null, ["Horror", "Mystery"], 110], "tt0100507": ["Rocky V", 119946358, null, ["Drama", "Sport"], 104], "tt0118998": ["Doctor Dolittle", 294456605, null, ["Comedy", "Family", "Fantasy"], 85], "tt10676048": ["The Marvels", 206124109, null, ["Action", "Adventure", "Fantasy"], 105], "tt1131734": ["Jennifer's Body", 31558043, 16000000, ["Comedy", "Horror"], 102], "tt1232200": ["That's My Boy", 57719093, 70000000, ["Comedy", "Drama"], 116], "tt1469304": ["Baywatch", 177856751, 69000000, ["Action", "Comedy", "Crime"], 116], "tt1673434": ["The Twilight Saga: Breaking Dawn - Part 2", 848593948, 120000000, ["Adventure", "Drama", "Fantasy", "Romance"], 115], "tt0758746": ["Friday the 13th", 91509154, 19000000, ["Horror", "Mystery", "Thriller"], 97], "tt0277296": ["The Scorpion King", 180630907, 60000000, ["Action", "Adventure", "Fantasy"], 92], "tt1921064": ["Pompeii", 117831631, 100000000, ["Action", "Adventure", "Drama", "History", "Romance"], 105], "tt0242423": ["Dude, Where's My Car?", 73180723, 13000000, ["Comedy", "Mystery", "Sci-Fi"], 83], "tt0306047": ["Scary Movie 3", 220673217, 48000000, ["Comedy"], 84], "tt0397065": ["House of Wax", 68766121, 40000000, ["Horror", "Thriller"], 113], "tt0970416": ["The Day the Earth Stood Still", 233093859, 80000000, ["Adventure", "Drama", "Sci-Fi", "Thriller"], 104], "tt0298814": ["The Core", 73498611, 60000000, ["Action", "Adventure", "Sci-Fi", "Thriller"], 135], "tt1133985": ["Green Lantern", 237201172, 200000000, ["Action", "Adventure", "Sci-Fi"], 114], "tt1240982": ["Your Highness", 28013733, 49900000, ["Action", "Adventure", "Comedy", "Fantasy", "Romance"], 102], "tt0452637": ["Lady in the Water", 72785169, 70000000, ["Drama", "Fantasy", "Mystery", "Thriller"], 110], "tt1078940": ["Couples Retreat", 171844840, 70000000, ["Comedy"], 113], "tt0901476": ["Bride Wars", 115375850, 30000000, ["Comedy", "Romance"], 89], "tt2592614": ["Resident Evil: The Final Chapter", 312242626, 40000000, ["Action", "Horror", "Sci-Fi"], 107], "tt2548396": ["The Cloverfield Paradox", null, null, ["Action", "Horror", "Sci-Fi", "Thriller"], 102], "tt0417148": ["Snakes on a Plane", 62022014, 33000000, ["Action", "Adventure", "Crime", "Thriller"], 105], "tt0325703": ["Lara Croft: Tomb Raider - The Cradle of Life", 160099222, 95000000, ["Action", "Adventure", "Fantasy"], 117], "tt1477076": ["Saw 3D", 136151680, 20000000, ["Horror", "Mystery"], 90], "tt1038919": ["The Bounty Hunter", 136333522, 40000000, ["Action", "Comedy", "Romance"], 110], "tt0970866": ["Little Fockers", 310650585, 100000000, ["Comedy", "Romance"], 98], "tt14998742": ["Rebel Moon - Part One: A Child of Fire", null, null, ["Action", "Adventure", "Drama", "Fantasy", "Sci-Fi"], 133], "tt8041270": ["Jurassic World Dominion", 1001978080, null, ["Action", "Adventure", "Sci-Fi", "Thriller"], 147], "tt2120120": ["Pixels", 244874809, 88000000, ["Action", "Comedy", "Fantasy", "Sci-Fi"], 105], "tt2109248": ["Transformers: Age of Extinction", 1104054072, 210000000, ["Action", "Adventure", "Sci-Fi"], 165], "tt2557478": ["Pacific Rim: Uprising", 290930148, 150000000, ["Action", "Adventure", "Sci-Fi"], 111], "tt0302640": ["The Hot Chick", 54639553, null, ["Comedy", "Fantasy"], 104], "tt2283336": ["Men in Black: International", 253890701, 110000000, ["Action", "Adventure", "Comedy", "Sci-Fi"], 114], "tt0227538": ["Spy Kids", 147934180, 35000000, ["Action", "Adventure", "Comedy", "Family", "Sci-Fi"], 88], "tt0286716": ["Hulk", 245285165, 137000000, ["Action", "Sci-Fi"], 138], "tt0960144": ["You Don't Mess with the Zohan", 204313400, 90000000, ["Action", "Comedy"], 113], "tt0160127": ["Charlie's Angels", 264105545, 93000000, ["Action", "Adventure", "Comedy", "Crime", "Thriller"], 98], "tt0346491": ["Alexander", 167298192, 155000000, ["Action", "Biography", "Drama", "History", "War"], 175], "tt2094766": ["Assassin's Creed", 240697856, 125000000, ["Action", "Adventure", "Sci-Fi"], 115], "tt0790736": ["R.I.P.D.", 78324220, 130000000, ["Action", "Adventure", "Comedy", "Crime", "Fantasy", "Sci-Fi"], 96], "tt0395699": ["The Pacifier", 198636868, 56000000, ["Action", "Comedy", "Drama", "Family"], 95], "tt0288477": ["Ghost Ship", 68349884, 20000000, ["Horror", "Mystery", "Thriller"], 91], "tt1648190": ["The Dark Tower", 113231078, 60000000, ["Action", "Adventure", "Fantasy", "Sci-Fi", "Western"], 95], "tt0134084": ["Scream 3", 161834276, 40000000, ["Horror", "Mystery"], 116], "tt0486576": ["Fantastic Four: Rise of the Silver Surfer", 301913131, 130000000, ["Action", "Adventure", "Fantasy", "Sci-Fi"], 92], "tt0113492": ["Judge Dredd", 113493481, 90000000, ["Action", "Crime", "Sci-Fi", "Thriller"], 96], "tt2096672": ["Dumb and Dumber To", 169837010, 40000000, ["Comedy"], 109], "tt0163187": ["Runaway Bride", 309460292, 70000000, ["Comedy", "Romance"], 116], "tt10028196": ["Laal Singh Chaddha", 12093536, null, ["Comedy", "Drama", "Romance"], 159], "tt6277462": ["Brahmastra Part One: Shiva", 50164785, null, ["Action", "Adventure", "Fantasy"], 167], "tt0133152": ["Planet of the Apes", 362211740, 100000000, ["Action", "Adventure", "Sci-Fi", "Thriller"], 120], "tt10838180": ["The Matrix Resurrections", 157386805, null, ["Action", "Sci-Fi"], 148], "tt3410834": ["Allegiant", 179246868, null, ["Action", "Adventure", "Mystery", "Sci-Fi", "Thriller"], 120], "tt1000774": ["Sex and the City", 418769972, 65000000, ["Comedy", "Drama", "Romance"], 145], "tt1284575": ["Bad Teacher", 216197492, 20000000, ["Comedy", "Romance"], 92], "tt6565702": ["Dark Phoenix", 252442974, 200000000, ["Action", "Adventure", "Sci-Fi"], 113], "tt4779682": ["The Meg", 529338515, 130000000, ["Action", "Horror", "Sci-Fi", "Thriller"], 113], "tt2184339": ["The Purge", 89328627, 3000000, ["Horror", "Sci-Fi", "Thriller"], 85], "tt0200550": ["Coyote Ugly", 113916474, 45000000, ["Comedy", "Drama", "Music", "Romance"], 100], "tt0115433": ["101 Dalmatians", 320689294, null, ["Adventure", "Comedy", "Crime", "Family"], 103], "tt1046173": ["G.I. Joe: The Rise of Cobra", 302469017, 175000000, ["Action", "Adventure", "Sci-Fi", "Thriller"], 118], "tt1397514": ["Journey 2: The Mysterious Island", 335288576, 79000000, ["Action", "Adventure", "Comedy", "Family", "Fantasy", "Sci-Fi"], 94], "tt0120667": ["Fantastic Four", 333535934, 100000000, ["Action", "Adventure", "Fantasy", "Sci-Fi"], 106], "tt0370263": ["Alien vs. Predator", 177427090, 60000000, ["Action", "Adventure", "Horror", "Sci-Fi", "Thriller"], 101], "tt1509767": ["The Three Musketeers", 132274484, 75000000, ["Action", "Adventure", "Fantasy", "Romance", "Thriller"], 110], "tt0409182": ["Poseidon", 181674817, 160000000, ["Action", "Adventure", "Thriller"], 98], "tt0329101": ["Freddy vs. Jason", 116643421, 30000000, ["Action", "Horror"], 97], "tt1217613": ["Battle Los Angeles", 211819354, 70000000, ["Action", "Adventure", "Sci-Fi"], 116], "tt1025100": ["Gemini Man", 173469516, 138000000, ["Action", "Sci-Fi", "Thriller"], 117], "tt1583421": ["G.I. Joe: Retaliation", 375740705, 130000000, ["Action", "Adventure", "Sci-Fi", "Thriller"], 110], "tt1602613": ["Only God Forgives", 10658332, null, ["Action", "Crime", "Drama", "Thriller"], 90], "tt1854564": ["Percy Jackson: Sea of Monsters", 199850315, 90000000, ["Adventure", "Family", "Fantasy"], 106], "tt1646987": ["Wrath of the Titans", 301970083, 150000000, ["Action", "Adventure", "Fantasy"], 99], "tt1034032": ["Gamer", 40828540, null, ["Action", "Sci-Fi", "Thriller"], 95], "tt0371606": ["Chicken Little", 314432837, 150000000, ["Adventure", "Animation", "Comedy", "Family", "Fantasy", "Sci-Fi"], 81], "tt0817230": ["Valentine's Day", 216528528, 52000000, ["Comedy", "Romance"], 125], "tt0117218": ["The Nutty Professor", 273961019, 54000000, ["Comedy", "Romance", "Sci-Fi"], 95], "tt0822847": ["Priest", 78309505, 60000000, ["Action", "Fantasy", "Horror", "Sci-Fi", "Thriller"], 87], "tt1298649": ["The Watch", 68267862, 68000000, ["Comedy", "Sci-Fi"], 102], "tt2024432": ["Identity Thief", 173965010, 35000000, ["Comedy", "Crime", "Drama"], 111], "tt4438848": ["Neighbors 2: Sorority Rising", 108007109, null, ["Comedy"], 92], "tt1536044": ["Paranormal Activity 2", 177512032, 3000000, ["Horror", "Mystery"], 91], "tt0116705": ["Jingle All the Way", 129832389, 60000000, ["Adventure", "Comedy", "Family"], 89], "tt0993840": ["Army of the Dead", null, null, ["Action", "Crime", "Drama", "Horror", "Sci-Fi", "Thriller", "War"], 148], "tt5433140": ["Fast X", 704875015, null, ["Action", "Adventure", "Crime", "Mystery", "Thriller"], 141], "tt0277371": ["Not Another Teen Movie", 66468985, 15000000, ["Comedy"], 89], "tt1440129": ["Battleship", 303025485, 209000000, ["Action", "Adventure", "Sci-Fi", "Thriller"], 131], "tt0381707": ["White Chicks", 113100873, 37000000, ["Comedy", "Crime"], 109], "tt1190080": ["2012", 791217826, 200000000, ["Action", "Adventure", "Sci-Fi"], 158], "tt5758778": ["Skyscraper", 304870828, 125000000, ["Action", "Adventure", "Thriller"], 102], "tt10954652": ["Old", 90146510, null, ["Drama", "Horror", "Mystery", "Thriller"], 108], "tt1959490": ["Noah", 359200044, 125000000, ["Action", "Adventure", "Drama"], 138], "tt0800320": ["Clash of the Titans", 493214993, 125000000, ["Action", "Adventure", "Fantasy"], 106], "tt1017460": ["Splice", 27127620, 30000000, ["Horror", "Sci-Fi"], 104], "tt0373051": ["Journey to the Center of the Earth", 244232688, 60000000, ["Action", "Adventure", "Family", "Fantasy", "Sci-Fi"], 93], "tt1291150": ["Teenage Mutant Ninja Turtles", 485004754, 125000000, ["Action", "Adventure", "Comedy", "Sci-Fi"], 101], "tt0119345": ["I Know What You Did Last Summer", 125586134, null, ["Horror", "Mystery"], 101], "tt0146316": ["Lara Croft: Tomb Raider", 274703340, 115000000, ["Action", "Adventure", "Fantasy", "Thriller"], 100], "tt4566758": ["Mulan", 821323, null, ["Action", "Adventure", "Drama", "Fantasy"], 115], "tt1389072": ["Downsizing", 55003890, 68000000, ["Drama", "Fantasy", "Sci-Fi"], 135], "tt1939659": ["Carrie", 84790678, 30000000, ["Drama", "Horror", "Thriller"], 100], "tt0295701": ["xXx", 277448382, 70000000, ["Action", "Adventure", "Thriller"], 124], "tt0311429": ["The League of Extraordinary Gentlemen", 179265204, 78000000, ["Action", "Adventure", "Fantasy", "Sci-Fi"], 110], "tt1951261": ["The Hangover Part III", 362000072, 103000000, ["Comedy", "Crime"], 100], "tt0280590": ["Mr. Deeds", 171269535, 50000000, ["Comedy", "Romance"], 96], "tt0113855": ["Mortal Kombat", 122195920, null, ["Action", "Adventure", "Fantasy", "Sci-Fi", "Thriller"], 101], "tt0095956": ["Rambo III", 189015611, 63000000, ["Action", "Adventure", "Thriller"], 102], "tt0414982": ["Final Destination 3", 118890272, 25000000, ["Horror", "Thriller"], 93], "tt1538403": ["The Mortal Instruments: City of Bones", 95396573, 60000000, ["Action", "Adventure", "Fantasy", "Horror", "Mystery", "Romance"], 130], "tt0164052": ["Hollow Man", 190213455, 95000000, ["Action", "Horror", "Sci-Fi", "Thriller"], 112], "tt0359013": ["Blade: Trinity", 131977904, 65000000, ["Action", "Horror", "Sci-Fi"], 113], "tt0486946": ["Wild Hogs", 253625427, null, ["Action", "Adventure", "Comedy"], 100], "tt0879870": ["Eat Pray Love", 204596571, 60000000, ["Biography", "Drama", "Romance"], 133], "tt1517260": ["The Host", 63365859, 40000000, ["Action", "Adventure", "Drama", "Romance", "Sci-Fi", "Thriller"], 125], "tt0990407": ["The Green Hornet", 227817248, 120000000, ["Action", "Comedy", "Crime"], 119], "tt1220634": ["Resident Evil: Afterlife", 300228084, 60000000, ["Action", "Horror", "Sci-Fi"], 96], "tt0146675": ["End of Days", 211989043, 100000000, ["Action", "Fantasy", "Horror", "Thriller"], 122], "tt0452594": ["The Break-Up", 205668210, 52000000, ["Comedy", "Drama", "Romance"], 106], "tt0348836": ["Gothika", 141591324, 40000000, ["Horror", "Mystery", "Thriller"], 98], "tt12844910": ["Pathaan", 128780000, null, ["Action", "Adventure", "Thriller"], 146], "tt0780653": ["The Wolfman", 139789765, 150000000, ["Drama", "Fantasy", "Horror", "Thriller"], 103], "tt1132626": ["Saw V", 113864059, 10800000, ["Horror", "Thriller"], 92], "tt1386697": ["Suicide Squad", 749200054, 175000000, ["Action", "Adventure", "Fantasy", "Sci-Fi"], 123], "tt0814255": ["Percy Jackson &amp; the Olympians: The Lightning Thief", 226497209, 95000000, ["Adventure", "Family", "Fantasy"], 118], "tt14209916": ["Cocaine Bear", 88314672, null, ["Comedy", "Thriller"], 95], "tt0322259": ["2 Fast 2 Furious", 236353236, 76000000, ["Action", "Crime", "Thriller"], 107], "tt0160862": ["She's All That", 103166989, 10000000, ["Comedy", "Romance"], 95], "tt10151854": ["Shazam! Fury of the Gods", 134038006, null, ["Action", "Adventure", "Comedy", "Fantasy"], 130], "tt7097896": ["Venom: Let There Be Carnage", 506863592, null, ["Action", "Sci-Fi", "Thriller"], 97], "tt0450278": ["Hostel", 81979826, 4800000, ["Horror"], 94], "tt0163025": ["Jurassic Park III", 368780809, 93000000, ["Action", "Adventure", "Sci-Fi", "Thriller"], 92], "tt2180411": ["Into the Woods", 212902959, 50000000, ["Adventure", "Comedy", "Drama", "Family", "Fantasy", "Musical"], 125], "tt1622979": ["Final Destination 5", 157887643, 40000000, ["Horror", "Thriller"], 92], "tt3717490": ["Power Rangers", 142337240, 100000000, ["Action", "Adventure", "Fantasy", "Sci-Fi"], 124], "tt0349205": ["Cheaper by the Dozen", 190538630, 40000000, ["Comedy", "Family"], 98], "tt3300542": ["London Has Fallen", 205754447, 60000000, ["Action", "Thriller"], 99], "tt1860213": ["Dirty Grandpa", 94073028, 25000000, ["Comedy"], 102], "tt0149261": ["Deep Blue Sea", 164648231, 60000000, ["Action", "Adventure", "Sci-Fi", "Thriller"], 105], "tt0391198": ["The Grudge", 187281115, 10000000, ["Horror", "Mystery", "Thriller"], 91], "tt0762107": ["I Now Pronounce You Chuck &amp; Larry", 187134117, 85000000, ["Comedy", "Romance"], 115], "tt2034800": ["The Great Wall", 334933831, 150000000, ["Action", "Adventure", "Fantasy", "Thriller"], 103], "tt1618442": ["The Last Witch Hunter", 146936910, 90000000, ["Action", "Adventure", "Fantasy"], 106], "tt0355295": ["The Brothers Grimm", 105316267, 88000000, ["Action", "Adventure", "Comedy", "Fantasy", "Horror", "Mystery", "Thriller"], 118], "tt0480687": ["Hall Pass", 86157237, 36000000, ["Comedy", "Romance"], 105], "tt0384806": ["The Amityville Horror", 107516369, 19000000, ["Horror"], 90], "tt1611224": ["Abraham Lincoln: Vampire Hunter", 116471580, 69000000, ["Action", "Fantasy", "Horror"], 105], "tt0386140": ["The Legend of Zorro", 142400065, 75000000, ["Action", "Adventure", "Romance", "Thriller", "Western"], 129], "tt0889583": ["Br\u00fcno", 138805831, null, ["Comedy"], 81], "tt0890870": ["Saw IV", 139352633, null, ["Horror", "Mystery", "Thriller"], 93], "tt0427152": ["Dinner for Schmucks", 86855739, 69000000, ["Comedy"], 114], "tt0216216": ["The 6th Day", 96085477, 82000000, ["Action", "Mystery", "Sci-Fi", "Thriller"], 123], "tt3741700": ["Godzilla: King of the Monsters", 387300138, 170000000, ["Action", "Adventure", "Fantasy", "Sci-Fi"], 132], "tt1375670": ["Grown Ups", 271457606, 80000000, ["Comedy"], 102], "tt5090568": ["Transformers: Rise of the Beasts", 438966392, null, ["Action", "Adventure", "Sci-Fi"], 127], "tt0463985": ["The Fast and the Furious: Tokyo Drift", 158968749, null, ["Action", "Crime", "Thriller"], 104], "tt1055369": ["Transformers: Revenge of the Fallen", 836303693, 200000000, ["Action", "Adventure", "Sci-Fi"], 149], "tt1528100": ["Exodus: Gods and Kings", 268175631, 140000000, ["Action", "Adventure", "Drama", "Fantasy"], 150], "tt1253864": ["Immortals", 226904017, 75000000, ["Action", "Drama", "Fantasy", "Romance"], 110], "tt0293429": ["Mortal Kombat", 84426031, null, ["Action", "Adventure", "Fantasy", "Sci-Fi", "Thriller"], 110], "tt0307453": ["Shark Tale", 374583879, 75000000, ["Adventure", "Animation", "Comedy", "Family", "Thriller"], 90], "tt2203939": ["The Other Woman", 196710396, 40000000, ["Comedy", "Romance"], 109], "tt0268695": ["The Time Machine", 123729176, 80000000, ["Action", "Adventure", "Sci-Fi"], 96], "tt0256380": ["Shallow Hal", 141069860, 40000000, ["Comedy", "Drama", "Fantasy", "Romance"], 114], "tt0409847": ["Cowboys &amp; Aliens", 174822325, 163000000, ["Action", "Drama", "Sci-Fi", "Thriller", "Western"], 119], "tt1267297": ["Hercules", 244819862, 100000000, ["Action", "Adventure", "Fantasy"], 98], "tt1618434": ["Murder Mystery", null, null, ["Action", "Comedy", "Crime", "Mystery", "Romance"], 97], "tt2561572": ["Get Hard", 111811453, 40000000, ["Comedy", "Crime"], 100], "tt0317198": ["Bridget Jones: The Edge of Reason", 265126918, 40000000, ["Comedy", "Drama", "Romance"], 108], "tt1078912": ["Night at the Museum: Battle of the Smithsonian", 413106170, 150000000, ["Adventure", "Comedy", "Family", "Fantasy"], 105], "tt0164912": ["Stuart Little", 300135367, 133000000, ["Adventure", "Comedy", "Family", "Fantasy"], 84], "tt1243957": ["The Tourist", 278780441, 100000000, ["Action", "Thriller"], 103], "tt0960731": ["Bedtime Stories", 212874864, 80000000, ["Adventure", "Comedy", "Family", "Fantasy", "Romance", "Sci-Fi"], 99], "tt2446042": ["Taken 3", 326479141, 48000000, ["Action", "Adventure", "Crime", "Drama", "Mystery", "Thriller"], 108], "tt0373883": ["Halloween", 80460948, null, ["Horror"], 109], "tt4094724": ["The Purge: Election Year", 118587880, 10000000, ["Action", "Horror", "Sci-Fi", "Thriller"], 108], "tt3882082": ["The Boy", 73929392, 10000000, ["Horror", "Mystery", "Thriller"], 97], "tt0343135": ["Along Came Polly", 178311729, 42000000, ["Comedy", "Romance"], 90], "tt1233227": ["Saw VI", 68234154, 11000000, ["Horror", "Mystery", "Thriller"], 90], "tt1396218": ["Mr. Popper's Penguins", 187361754, 55000000, ["Comedy", "Family", "Fantasy"], 94], "tt2357129": ["Jobs", 42128352, 12000000, ["Biography", "Drama"], 128], "tt1592525": ["Lockout", 32948113, 20000000, ["Action", "Sci-Fi", "Thriller"], 95]}